<annotation>
	<folder></folder>
	<filename>1645550056049_jpg.rf.f3139fb2e76576c70f9088b981802145.jpg</filename>
	<path>1645550056049_jpg.rf.f3139fb2e76576c70f9088b981802145.jpg</path>
	<source>
		<database>roboflow.ai</database>
	</source>
	<size>
		<width>416</width>
		<height>416</height>
		<depth>3</depth>
	</size>
	<segmented>0</segmented>
	<object>
		<name>Downy Mildew</name>
		<pose>Unspecified</pose>
		<truncated>0</truncated>
		<difficult>0</difficult>
		<occluded>0</occluded>
		<bndbox>
			<xmin>1</xmin>
			<xmax>15</xmax>
			<ymin>47</ymin>
			<ymax>109</ymax>
		</bndbox>
	</object>
</annotation>
