<annotation>
	<folder></folder>
	<filename>1645550056070_jpg.rf.420a8ba205f300a8a9b38d7f7340b049.jpg</filename>
	<path>1645550056070_jpg.rf.420a8ba205f300a8a9b38d7f7340b049.jpg</path>
	<source>
		<database>roboflow.ai</database>
	</source>
	<size>
		<width>416</width>
		<height>416</height>
		<depth>3</depth>
	</size>
	<segmented>0</segmented>
	<object>
		<name>Powdery Mildew</name>
		<pose>Unspecified</pose>
		<truncated>0</truncated>
		<difficult>0</difficult>
		<occluded>0</occluded>
		<bndbox>
			<xmin>77</xmin>
			<xmax>417</xmax>
			<ymin>156</ymin>
			<ymax>321</ymax>
		</bndbox>
	</object>
</annotation>
