<annotation>
	<folder></folder>
	<filename>1645550058115_jpg.rf.637e189fe93fcb4b981aeeda28816658.jpg</filename>
	<path>1645550058115_jpg.rf.637e189fe93fcb4b981aeeda28816658.jpg</path>
	<source>
		<database>roboflow.ai</database>
	</source>
	<size>
		<width>416</width>
		<height>416</height>
		<depth>3</depth>
	</size>
	<segmented>0</segmented>
	<object>
		<name>Powdery Mildew</name>
		<pose>Unspecified</pose>
		<truncated>0</truncated>
		<difficult>0</difficult>
		<occluded>0</occluded>
		<bndbox>
			<xmin>140</xmin>
			<xmax>350</xmax>
			<ymin>117</ymin>
			<ymax>371</ymax>
		</bndbox>
	</object>
</annotation>
