<annotation>
	<folder></folder>
	<filename>1645550057205_jpg.rf.19d2960a44fec02c2700124319b935c3.jpg</filename>
	<path>1645550057205_jpg.rf.19d2960a44fec02c2700124319b935c3.jpg</path>
	<source>
		<database>roboflow.ai</database>
	</source>
	<size>
		<width>416</width>
		<height>416</height>
		<depth>3</depth>
	</size>
	<segmented>0</segmented>
	<object>
		<name>Downy Mildew</name>
		<pose>Unspecified</pose>
		<truncated>0</truncated>
		<difficult>0</difficult>
		<occluded>0</occluded>
		<bndbox>
			<xmin>105</xmin>
			<xmax>162</xmax>
			<ymin>143</ymin>
			<ymax>185</ymax>
		</bndbox>
	</object>
	<object>
		<name>Downy Mildew</name>
		<pose>Unspecified</pose>
		<truncated>0</truncated>
		<difficult>0</difficult>
		<occluded>0</occluded>
		<bndbox>
			<xmin>58</xmin>
			<xmax>209</xmax>
			<ymin>191</ymin>
			<ymax>272</ymax>
		</bndbox>
	</object>
</annotation>
