<annotation>
	<folder></folder>
	<filename>1645550056915_jpg.rf.088a02b9102bd3c30e7ddc7bc47957bb.jpg</filename>
	<path>1645550056915_jpg.rf.088a02b9102bd3c30e7ddc7bc47957bb.jpg</path>
	<source>
		<database>roboflow.ai</database>
	</source>
	<size>
		<width>416</width>
		<height>416</height>
		<depth>3</depth>
	</size>
	<segmented>0</segmented>
	<object>
		<name>Downy Mildew</name>
		<pose>Unspecified</pose>
		<truncated>0</truncated>
		<difficult>0</difficult>
		<occluded>0</occluded>
		<bndbox>
			<xmin>41</xmin>
			<xmax>68</xmax>
			<ymin>257</ymin>
			<ymax>272</ymax>
		</bndbox>
	</object>
	<object>
		<name>Powdery Mildew</name>
		<pose>Unspecified</pose>
		<truncated>0</truncated>
		<difficult>0</difficult>
		<occluded>0</occluded>
		<bndbox>
			<xmin>55</xmin>
			<xmax>318</xmax>
			<ymin>154</ymin>
			<ymax>392</ymax>
		</bndbox>
	</object>
</annotation>
