<annotation>
	<folder></folder>
	<filename>1645550056201_jpg.rf.7c0c0af714573ed71402409e0d3e73e1.jpg</filename>
	<path>1645550056201_jpg.rf.7c0c0af714573ed71402409e0d3e73e1.jpg</path>
	<source>
		<database>roboflow.ai</database>
	</source>
	<size>
		<width>416</width>
		<height>416</height>
		<depth>3</depth>
	</size>
	<segmented>0</segmented>
	<object>
		<name>Powdery Mildew</name>
		<pose>Unspecified</pose>
		<truncated>0</truncated>
		<difficult>0</difficult>
		<occluded>0</occluded>
		<bndbox>
			<xmin>79</xmin>
			<xmax>373</xmax>
			<ymin>226</ymin>
			<ymax>365</ymax>
		</bndbox>
	</object>
</annotation>
