<annotation>
	<folder></folder>
	<filename>1645550057746_jpg.rf.df37c73796fc2fc8427f46d02e94778c.jpg</filename>
	<path>1645550057746_jpg.rf.df37c73796fc2fc8427f46d02e94778c.jpg</path>
	<source>
		<database>roboflow.ai</database>
	</source>
	<size>
		<width>416</width>
		<height>416</height>
		<depth>3</depth>
	</size>
	<segmented>0</segmented>
	<object>
		<name>Powdery Mildew</name>
		<pose>Unspecified</pose>
		<truncated>0</truncated>
		<difficult>0</difficult>
		<occluded>0</occluded>
		<bndbox>
			<xmin>38</xmin>
			<xmax>320</xmax>
			<ymin>130</ymin>
			<ymax>315</ymax>
		</bndbox>
	</object>
</annotation>
