<annotation>
	<folder></folder>
	<filename>1645550056166_jpg.rf.54d5f64f62a44870d76a2b2cc24da09b.jpg</filename>
	<path>1645550056166_jpg.rf.54d5f64f62a44870d76a2b2cc24da09b.jpg</path>
	<source>
		<database>roboflow.ai</database>
	</source>
	<size>
		<width>416</width>
		<height>416</height>
		<depth>3</depth>
	</size>
	<segmented>0</segmented>
	<object>
		<name>Powdery Mildew</name>
		<pose>Unspecified</pose>
		<truncated>0</truncated>
		<difficult>0</difficult>
		<occluded>0</occluded>
		<bndbox>
			<xmin>36</xmin>
			<xmax>416</xmax>
			<ymin>128</ymin>
			<ymax>374</ymax>
		</bndbox>
	</object>
</annotation>
