<annotation>
	<folder></folder>
	<filename>1645550056985_jpg.rf.b254172bd3ae99dd0d54f8ac14a9dc95.jpg</filename>
	<path>1645550056985_jpg.rf.b254172bd3ae99dd0d54f8ac14a9dc95.jpg</path>
	<source>
		<database>roboflow.ai</database>
	</source>
	<size>
		<width>416</width>
		<height>416</height>
		<depth>3</depth>
	</size>
	<segmented>0</segmented>
	<object>
		<name>Downy Mildew</name>
		<pose>Unspecified</pose>
		<truncated>0</truncated>
		<difficult>0</difficult>
		<occluded>0</occluded>
		<bndbox>
			<xmin>208</xmin>
			<xmax>314</xmax>
			<ymin>139</ymin>
			<ymax>343</ymax>
		</bndbox>
	</object>
</annotation>
