<annotation>
	<folder></folder>
	<filename>1645550056466_jpg.rf.edbebe74493012d4439eeb283361e1b8.jpg</filename>
	<path>1645550056466_jpg.rf.edbebe74493012d4439eeb283361e1b8.jpg</path>
	<source>
		<database>roboflow.ai</database>
	</source>
	<size>
		<width>416</width>
		<height>416</height>
		<depth>3</depth>
	</size>
	<segmented>0</segmented>
	<object>
		<name>Powdery Mildew</name>
		<pose>Unspecified</pose>
		<truncated>0</truncated>
		<difficult>0</difficult>
		<occluded>0</occluded>
		<bndbox>
			<xmin>28</xmin>
			<xmax>416</xmax>
			<ymin>153</ymin>
			<ymax>377</ymax>
		</bndbox>
	</object>
</annotation>
