<annotation>
	<folder></folder>
	<filename>1645550056211_jpg.rf.aaebdec06e24c491f4acc44815d2d2f5.jpg</filename>
	<path>1645550056211_jpg.rf.aaebdec06e24c491f4acc44815d2d2f5.jpg</path>
	<source>
		<database>roboflow.ai</database>
	</source>
	<size>
		<width>416</width>
		<height>416</height>
		<depth>3</depth>
	</size>
	<segmented>0</segmented>
	<object>
		<name>Powdery Mildew</name>
		<pose>Unspecified</pose>
		<truncated>0</truncated>
		<difficult>0</difficult>
		<occluded>0</occluded>
		<bndbox>
			<xmin>51</xmin>
			<xmax>362</xmax>
			<ymin>181</ymin>
			<ymax>381</ymax>
		</bndbox>
	</object>
	<object>
		<name>Downy Mildew</name>
		<pose>Unspecified</pose>
		<truncated>0</truncated>
		<difficult>0</difficult>
		<occluded>0</occluded>
		<bndbox>
			<xmin>88</xmin>
			<xmax>114</xmax>
			<ymin>335</ymin>
			<ymax>362</ymax>
		</bndbox>
	</object>
</annotation>
