<annotation>
	<folder></folder>
	<filename>1645550057776_jpg.rf.f2e40ab9f2e464192fe22e45932c3e4c.jpg</filename>
	<path>1645550057776_jpg.rf.f2e40ab9f2e464192fe22e45932c3e4c.jpg</path>
	<source>
		<database>roboflow.ai</database>
	</source>
	<size>
		<width>416</width>
		<height>416</height>
		<depth>3</depth>
	</size>
	<segmented>0</segmented>
	<object>
		<name>Downy Mildew</name>
		<pose>Unspecified</pose>
		<truncated>0</truncated>
		<difficult>0</difficult>
		<occluded>0</occluded>
		<bndbox>
			<xmin>115</xmin>
			<xmax>241</xmax>
			<ymin>107</ymin>
			<ymax>178</ymax>
		</bndbox>
	</object>
	<object>
		<name>Downy Mildew</name>
		<pose>Unspecified</pose>
		<truncated>0</truncated>
		<difficult>0</difficult>
		<occluded>0</occluded>
		<bndbox>
			<xmin>403</xmin>
			<xmax>416</xmax>
			<ymin>171</ymin>
			<ymax>199</ymax>
		</bndbox>
	</object>
	<object>
		<name>Powdery Mildew</name>
		<pose>Unspecified</pose>
		<truncated>0</truncated>
		<difficult>0</difficult>
		<occluded>0</occluded>
		<bndbox>
			<xmin>68</xmin>
			<xmax>402</xmax>
			<ymin>104</ymin>
			<ymax>313</ymax>
		</bndbox>
	</object>
	<object>
		<name>Downy Mildew</name>
		<pose>Unspecified</pose>
		<truncated>0</truncated>
		<difficult>0</difficult>
		<occluded>0</occluded>
		<bndbox>
			<xmin>253</xmin>
			<xmax>365</xmax>
			<ymin>198</ymin>
			<ymax>312</ymax>
		</bndbox>
	</object>
	<object>
		<name>Downy Mildew</name>
		<pose>Unspecified</pose>
		<truncated>0</truncated>
		<difficult>0</difficult>
		<occluded>0</occluded>
		<bndbox>
			<xmin>75</xmin>
			<xmax>109</xmax>
			<ymin>263</ymin>
			<ymax>287</ymax>
		</bndbox>
	</object>
</annotation>
