<annotation>
	<folder></folder>
	<filename>1645550056100_jpg.rf.992b1079a28b7fa018aaa4cbced02e9b.jpg</filename>
	<path>1645550056100_jpg.rf.992b1079a28b7fa018aaa4cbced02e9b.jpg</path>
	<source>
		<database>roboflow.ai</database>
	</source>
	<size>
		<width>416</width>
		<height>416</height>
		<depth>3</depth>
	</size>
	<segmented>0</segmented>
	<object>
		<name>Powdery Mildew</name>
		<pose>Unspecified</pose>
		<truncated>0</truncated>
		<difficult>0</difficult>
		<occluded>0</occluded>
		<bndbox>
			<xmin>103</xmin>
			<xmax>380</xmax>
			<ymin>64</ymin>
			<ymax>341</ymax>
		</bndbox>
	</object>
	<object>
		<name>Powdery Mildew</name>
		<pose>Unspecified</pose>
		<truncated>0</truncated>
		<difficult>0</difficult>
		<occluded>0</occluded>
		<bndbox>
			<xmin>52</xmin>
			<xmax>208</xmax>
			<ymin>329</ymin>
			<ymax>416</ymax>
		</bndbox>
	</object>
</annotation>
