<annotation>
	<folder></folder>
	<filename>1645550056039_jpg.rf.e26c9d0c9773d910c8863816a23be844.jpg</filename>
	<path>1645550056039_jpg.rf.e26c9d0c9773d910c8863816a23be844.jpg</path>
	<source>
		<database>roboflow.ai</database>
	</source>
	<size>
		<width>416</width>
		<height>416</height>
		<depth>3</depth>
	</size>
	<segmented>0</segmented>
	<object>
		<name>Downy Mildew</name>
		<pose>Unspecified</pose>
		<truncated>0</truncated>
		<difficult>0</difficult>
		<occluded>0</occluded>
		<bndbox>
			<xmin>204</xmin>
			<xmax>241</xmax>
			<ymin>136</ymin>
			<ymax>184</ymax>
		</bndbox>
	</object>
	<object>
		<name>Powdery Mildew</name>
		<pose>Unspecified</pose>
		<truncated>0</truncated>
		<difficult>0</difficult>
		<occluded>0</occluded>
		<bndbox>
			<xmin>60</xmin>
			<xmax>361</xmax>
			<ymin>128</ymin>
			<ymax>384</ymax>
		</bndbox>
	</object>
	<object>
		<name>Powdery Mildew</name>
		<pose>Unspecified</pose>
		<truncated>0</truncated>
		<difficult>0</difficult>
		<occluded>0</occluded>
		<bndbox>
			<xmin>256</xmin>
			<xmax>392</xmax>
			<ymin>307</ymin>
			<ymax>416</ymax>
		</bndbox>
	</object>
</annotation>
