<annotation>
	<folder></folder>
	<filename>1645550056150_jpg.rf.b1225dc8ae2931e9c232ebfa43390484.jpg</filename>
	<path>1645550056150_jpg.rf.b1225dc8ae2931e9c232ebfa43390484.jpg</path>
	<source>
		<database>roboflow.ai</database>
	</source>
	<size>
		<width>416</width>
		<height>416</height>
		<depth>3</depth>
	</size>
	<segmented>0</segmented>
	<object>
		<name>Powdery Mildew</name>
		<pose>Unspecified</pose>
		<truncated>0</truncated>
		<difficult>0</difficult>
		<occluded>0</occluded>
		<bndbox>
			<xmin>13</xmin>
			<xmax>375</xmax>
			<ymin>161</ymin>
			<ymax>409</ymax>
		</bndbox>
	</object>
</annotation>
