<annotation>
	<folder></folder>
	<filename>1645550058125_jpg.rf.c4d8e7659a41345c1b1117e894ee6e13.jpg</filename>
	<path>1645550058125_jpg.rf.c4d8e7659a41345c1b1117e894ee6e13.jpg</path>
	<source>
		<database>roboflow.ai</database>
	</source>
	<size>
		<width>416</width>
		<height>416</height>
		<depth>3</depth>
	</size>
	<segmented>0</segmented>
	<object>
		<name>Powdery Mildew</name>
		<pose>Unspecified</pose>
		<truncated>0</truncated>
		<difficult>0</difficult>
		<occluded>0</occluded>
		<bndbox>
			<xmin>43</xmin>
			<xmax>327</xmax>
			<ymin>123</ymin>
			<ymax>296</ymax>
		</bndbox>
	</object>
</annotation>
