<annotation>
	<folder></folder>
	<filename>1645550056777_jpg.rf.992882e4f84c9379d43198b283aab04e.jpg</filename>
	<path>1645550056777_jpg.rf.992882e4f84c9379d43198b283aab04e.jpg</path>
	<source>
		<database>roboflow.ai</database>
	</source>
	<size>
		<width>416</width>
		<height>416</height>
		<depth>3</depth>
	</size>
	<segmented>0</segmented>
	<object>
		<name>Powdery Mildew</name>
		<pose>Unspecified</pose>
		<truncated>0</truncated>
		<difficult>0</difficult>
		<occluded>0</occluded>
		<bndbox>
			<xmin>96</xmin>
			<xmax>296</xmax>
			<ymin>130</ymin>
			<ymax>384</ymax>
		</bndbox>
	</object>
	<object>
		<name>Downy Mildew</name>
		<pose>Unspecified</pose>
		<truncated>0</truncated>
		<difficult>0</difficult>
		<occluded>0</occluded>
		<bndbox>
			<xmin>191</xmin>
			<xmax>264</xmax>
			<ymin>354</ymin>
			<ymax>412</ymax>
		</bndbox>
	</object>
</annotation>
