<annotation>
	<folder></folder>
	<filename>1645550057065_jpg.rf.6834107afa7ac6eb235aac4a6b63afb0.jpg</filename>
	<path>1645550057065_jpg.rf.6834107afa7ac6eb235aac4a6b63afb0.jpg</path>
	<source>
		<database>roboflow.ai</database>
	</source>
	<size>
		<width>416</width>
		<height>416</height>
		<depth>3</depth>
	</size>
	<segmented>0</segmented>
	<object>
		<name>Downy Mildew</name>
		<pose>Unspecified</pose>
		<truncated>0</truncated>
		<difficult>0</difficult>
		<occluded>0</occluded>
		<bndbox>
			<xmin>206</xmin>
			<xmax>238</xmax>
			<ymin>213</ymin>
			<ymax>225</ymax>
		</bndbox>
	</object>
	<object>
		<name>Downy Mildew</name>
		<pose>Unspecified</pose>
		<truncated>0</truncated>
		<difficult>0</difficult>
		<occluded>0</occluded>
		<bndbox>
			<xmin>73</xmin>
			<xmax>202</xmax>
			<ymin>245</ymin>
			<ymax>363</ymax>
		</bndbox>
	</object>
</annotation>
