<annotation>
	<folder></folder>
	<filename>1645550056958_jpg.rf.5051d6ad8ad53ba0f60928956212b5bc.jpg</filename>
	<path>1645550056958_jpg.rf.5051d6ad8ad53ba0f60928956212b5bc.jpg</path>
	<source>
		<database>roboflow.ai</database>
	</source>
	<size>
		<width>416</width>
		<height>416</height>
		<depth>3</depth>
	</size>
	<segmented>0</segmented>
	<object>
		<name>Downy Mildew</name>
		<pose>Unspecified</pose>
		<truncated>0</truncated>
		<difficult>0</difficult>
		<occluded>0</occluded>
		<bndbox>
			<xmin>169</xmin>
			<xmax>214</xmax>
			<ymin>184</ymin>
			<ymax>212</ymax>
		</bndbox>
	</object>
	<object>
		<name>Downy Mildew</name>
		<pose>Unspecified</pose>
		<truncated>0</truncated>
		<difficult>0</difficult>
		<occluded>0</occluded>
		<bndbox>
			<xmin>261</xmin>
			<xmax>344</xmax>
			<ymin>222</ymin>
			<ymax>257</ymax>
		</bndbox>
	</object>
	<object>
		<name>Downy Mildew</name>
		<pose>Unspecified</pose>
		<truncated>0</truncated>
		<difficult>0</difficult>
		<occluded>0</occluded>
		<bndbox>
			<xmin>264</xmin>
			<xmax>321</xmax>
			<ymin>270</ymin>
			<ymax>313</ymax>
		</bndbox>
	</object>
	<object>
		<name>Downy Mildew</name>
		<pose>Unspecified</pose>
		<truncated>0</truncated>
		<difficult>0</difficult>
		<occluded>0</occluded>
		<bndbox>
			<xmin>200</xmin>
			<xmax>281</xmax>
			<ymin>331</ymin>
			<ymax>379</ymax>
		</bndbox>
	</object>
</annotation>
