<annotation>
	<folder></folder>
	<filename>1645550056576_jpg.rf.42bece9133abe4c0f744b0b60d11aaa8.jpg</filename>
	<path>1645550056576_jpg.rf.42bece9133abe4c0f744b0b60d11aaa8.jpg</path>
	<source>
		<database>roboflow.ai</database>
	</source>
	<size>
		<width>416</width>
		<height>416</height>
		<depth>3</depth>
	</size>
	<segmented>0</segmented>
	<object>
		<name>Downy Mildew</name>
		<pose>Unspecified</pose>
		<truncated>0</truncated>
		<difficult>0</difficult>
		<occluded>0</occluded>
		<bndbox>
			<xmin>199</xmin>
			<xmax>298</xmax>
			<ymin>89</ymin>
			<ymax>169</ymax>
		</bndbox>
	</object>
	<object>
		<name>Downy Mildew</name>
		<pose>Unspecified</pose>
		<truncated>0</truncated>
		<difficult>0</difficult>
		<occluded>0</occluded>
		<bndbox>
			<xmin>48</xmin>
			<xmax>87</xmax>
			<ymin>184</ymin>
			<ymax>209</ymax>
		</bndbox>
	</object>
	<object>
		<name>Downy Mildew</name>
		<pose>Unspecified</pose>
		<truncated>0</truncated>
		<difficult>0</difficult>
		<occluded>0</occluded>
		<bndbox>
			<xmin>342</xmin>
			<xmax>404</xmax>
			<ymin>172</ymin>
			<ymax>238</ymax>
		</bndbox>
	</object>
</annotation>
