<annotation>
	<folder></folder>
	<filename>1645550057766_jpg.rf.1c7459638848556692b4fef459313301.jpg</filename>
	<path>1645550057766_jpg.rf.1c7459638848556692b4fef459313301.jpg</path>
	<source>
		<database>roboflow.ai</database>
	</source>
	<size>
		<width>416</width>
		<height>416</height>
		<depth>3</depth>
	</size>
	<segmented>0</segmented>
	<object>
		<name>Powdery Mildew</name>
		<pose>Unspecified</pose>
		<truncated>0</truncated>
		<difficult>0</difficult>
		<occluded>0</occluded>
		<bndbox>
			<xmin>53</xmin>
			<xmax>343</xmax>
			<ymin>127</ymin>
			<ymax>390</ymax>
		</bndbox>
	</object>
	<object>
		<name>Downy Mildew</name>
		<pose>Unspecified</pose>
		<truncated>0</truncated>
		<difficult>0</difficult>
		<occluded>0</occluded>
		<bndbox>
			<xmin>240</xmin>
			<xmax>280</xmax>
			<ymin>390</ymin>
			<ymax>415</ymax>
		</bndbox>
	</object>
</annotation>
