<annotation>
	<folder></folder>
	<filename>1645549222859_jpg.rf.af57c2c0b3b50fb5a4354027a1e42584.jpg</filename>
	<path>1645549222859_jpg.rf.af57c2c0b3b50fb5a4354027a1e42584.jpg</path>
	<source>
		<database>roboflow.ai</database>
	</source>
	<size>
		<width>416</width>
		<height>416</height>
		<depth>3</depth>
	</size>
	<segmented>0</segmented>
	<object>
		<name>Powdery Mildew</name>
		<pose>Unspecified</pose>
		<truncated>0</truncated>
		<difficult>0</difficult>
		<occluded>0</occluded>
		<bndbox>
			<xmin>19</xmin>
			<xmax>415</xmax>
			<ymin>145</ymin>
			<ymax>389</ymax>
		</bndbox>
	</object>
</annotation>
