<annotation>
	<folder></folder>
	<filename>1645550056191_jpg.rf.79301c5bdc570e5b177d10a1a6b89194.jpg</filename>
	<path>1645550056191_jpg.rf.79301c5bdc570e5b177d10a1a6b89194.jpg</path>
	<source>
		<database>roboflow.ai</database>
	</source>
	<size>
		<width>416</width>
		<height>416</height>
		<depth>3</depth>
	</size>
	<segmented>0</segmented>
	<object>
		<name>Powdery Mildew</name>
		<pose>Unspecified</pose>
		<truncated>0</truncated>
		<difficult>0</difficult>
		<occluded>0</occluded>
		<bndbox>
			<xmin>39</xmin>
			<xmax>375</xmax>
			<ymin>138</ymin>
			<ymax>358</ymax>
		</bndbox>
	</object>
	<object>
		<name>Downy Mildew</name>
		<pose>Unspecified</pose>
		<truncated>0</truncated>
		<difficult>0</difficult>
		<occluded>0</occluded>
		<bndbox>
			<xmin>96</xmin>
			<xmax>130</xmax>
			<ymin>318</ymin>
			<ymax>343</ymax>
		</bndbox>
	</object>
</annotation>
