<annotation>
	<folder></folder>
	<filename>1645550057995_jpg.rf.12a168c201c2589f8119b54c48560eb7.jpg</filename>
	<path>1645550057995_jpg.rf.12a168c201c2589f8119b54c48560eb7.jpg</path>
	<source>
		<database>roboflow.ai</database>
	</source>
	<size>
		<width>416</width>
		<height>416</height>
		<depth>3</depth>
	</size>
	<segmented>0</segmented>
	<object>
		<name>Downy Mildew</name>
		<pose>Unspecified</pose>
		<truncated>0</truncated>
		<difficult>0</difficult>
		<occluded>0</occluded>
		<bndbox>
			<xmin>101</xmin>
			<xmax>135</xmax>
			<ymin>280</ymin>
			<ymax>312</ymax>
		</bndbox>
	</object>
</annotation>
