<annotation>
	<folder></folder>
	<filename>1645550055950_jpg.rf.367ccb35a767a794ac2dc1ee957ff72a.jpg</filename>
	<path>1645550055950_jpg.rf.367ccb35a767a794ac2dc1ee957ff72a.jpg</path>
	<source>
		<database>roboflow.ai</database>
	</source>
	<size>
		<width>416</width>
		<height>416</height>
		<depth>3</depth>
	</size>
	<segmented>0</segmented>
	<object>
		<name>Powdery Mildew</name>
		<pose>Unspecified</pose>
		<truncated>0</truncated>
		<difficult>0</difficult>
		<occluded>0</occluded>
		<bndbox>
			<xmin>90</xmin>
			<xmax>360</xmax>
			<ymin>125</ymin>
			<ymax>361</ymax>
		</bndbox>
	</object>
</annotation>
