<annotation>
	<folder></folder>
	<filename>1645550056864_jpg.rf.789066d9e8467b81d1590c1c2b044728.jpg</filename>
	<path>1645550056864_jpg.rf.789066d9e8467b81d1590c1c2b044728.jpg</path>
	<source>
		<database>roboflow.ai</database>
	</source>
	<size>
		<width>416</width>
		<height>416</height>
		<depth>3</depth>
	</size>
	<segmented>0</segmented>
	<object>
		<name>Downy Mildew</name>
		<pose>Unspecified</pose>
		<truncated>0</truncated>
		<difficult>0</difficult>
		<occluded>0</occluded>
		<bndbox>
			<xmin>114</xmin>
			<xmax>238</xmax>
			<ymin>155</ymin>
			<ymax>201</ymax>
		</bndbox>
	</object>
	<object>
		<name>Powdery Mildew</name>
		<pose>Unspecified</pose>
		<truncated>0</truncated>
		<difficult>0</difficult>
		<occluded>0</occluded>
		<bndbox>
			<xmin>49</xmin>
			<xmax>262</xmax>
			<ymin>124</ymin>
			<ymax>272</ymax>
		</bndbox>
	</object>
</annotation>
