<annotation>
	<folder></folder>
	<filename>1645550056140_jpg.rf.823d745f244bb904e299c68298ea9791.jpg</filename>
	<path>1645550056140_jpg.rf.823d745f244bb904e299c68298ea9791.jpg</path>
	<source>
		<database>roboflow.ai</database>
	</source>
	<size>
		<width>416</width>
		<height>416</height>
		<depth>3</depth>
	</size>
	<segmented>0</segmented>
	<object>
		<name>Powdery Mildew</name>
		<pose>Unspecified</pose>
		<truncated>0</truncated>
		<difficult>0</difficult>
		<occluded>0</occluded>
		<bndbox>
			<xmin>38</xmin>
			<xmax>336</xmax>
			<ymin>99</ymin>
			<ymax>392</ymax>
		</bndbox>
	</object>
</annotation>
