<annotation>
	<folder></folder>
	<filename>1645550057120_jpg.rf.2bae4a488b56b0de7bcf4818a756ae5f.jpg</filename>
	<path>1645550057120_jpg.rf.2bae4a488b56b0de7bcf4818a756ae5f.jpg</path>
	<source>
		<database>roboflow.ai</database>
	</source>
	<size>
		<width>416</width>
		<height>416</height>
		<depth>3</depth>
	</size>
	<segmented>0</segmented>
	<object>
		<name>Downy Mildew</name>
		<pose>Unspecified</pose>
		<truncated>0</truncated>
		<difficult>0</difficult>
		<occluded>0</occluded>
		<bndbox>
			<xmin>98</xmin>
			<xmax>168</xmax>
			<ymin>296</ymin>
			<ymax>320</ymax>
		</bndbox>
	</object>
	<object>
		<name>Downy Mildew</name>
		<pose>Unspecified</pose>
		<truncated>0</truncated>
		<difficult>0</difficult>
		<occluded>0</occluded>
		<bndbox>
			<xmin>290</xmin>
			<xmax>316</xmax>
			<ymin>350</ymin>
			<ymax>373</ymax>
		</bndbox>
	</object>
	<object>
		<name>Downy Mildew</name>
		<pose>Unspecified</pose>
		<truncated>0</truncated>
		<difficult>0</difficult>
		<occluded>0</occluded>
		<bndbox>
			<xmin>159</xmin>
			<xmax>247</xmax>
			<ymin>326</ymin>
			<ymax>416</ymax>
		</bndbox>
	</object>
	<object>
		<name>Downy Mildew</name>
		<pose>Unspecified</pose>
		<truncated>0</truncated>
		<difficult>0</difficult>
		<occluded>0</occluded>
		<bndbox>
			<xmin>101</xmin>
			<xmax>120</xmax>
			<ymin>392</ymin>
			<ymax>405</ymax>
		</bndbox>
	</object>
</annotation>
