<annotation>
	<folder></folder>
	<filename>1645550057786_jpg.rf.65a03b643632edcc2b25c4cf21fa31a4.jpg</filename>
	<path>1645550057786_jpg.rf.65a03b643632edcc2b25c4cf21fa31a4.jpg</path>
	<source>
		<database>roboflow.ai</database>
	</source>
	<size>
		<width>416</width>
		<height>416</height>
		<depth>3</depth>
	</size>
	<segmented>0</segmented>
	<object>
		<name>Powdery Mildew</name>
		<pose>Unspecified</pose>
		<truncated>0</truncated>
		<difficult>0</difficult>
		<occluded>0</occluded>
		<bndbox>
			<xmin>1</xmin>
			<xmax>87</xmax>
			<ymin>143</ymin>
			<ymax>195</ymax>
		</bndbox>
	</object>
	<object>
		<name>Powdery Mildew</name>
		<pose>Unspecified</pose>
		<truncated>0</truncated>
		<difficult>0</difficult>
		<occluded>0</occluded>
		<bndbox>
			<xmin>65</xmin>
			<xmax>337</xmax>
			<ymin>123</ymin>
			<ymax>279</ymax>
		</bndbox>
	</object>
	<object>
		<name>Downy Mildew</name>
		<pose>Unspecified</pose>
		<truncated>0</truncated>
		<difficult>0</difficult>
		<occluded>0</occluded>
		<bndbox>
			<xmin>199</xmin>
			<xmax>256</xmax>
			<ymin>302</ymin>
			<ymax>333</ymax>
		</bndbox>
	</object>
</annotation>
