<annotation>
	<folder></folder>
	<filename>1645550056014_jpg.rf.3dccf099db0b42a793e3051cebaab6ca.jpg</filename>
	<path>1645550056014_jpg.rf.3dccf099db0b42a793e3051cebaab6ca.jpg</path>
	<source>
		<database>roboflow.ai</database>
	</source>
	<size>
		<width>416</width>
		<height>416</height>
		<depth>3</depth>
	</size>
	<segmented>0</segmented>
	<object>
		<name>Powdery Mildew</name>
		<pose>Unspecified</pose>
		<truncated>0</truncated>
		<difficult>0</difficult>
		<occluded>0</occluded>
		<bndbox>
			<xmin>27</xmin>
			<xmax>301</xmax>
			<ymin>123</ymin>
			<ymax>352</ymax>
		</bndbox>
	</object>
</annotation>
