<annotation>
	<folder></folder>
	<filename>1645550056125_jpg.rf.886d315fe4148ca4347809a7034c2cd0.jpg</filename>
	<path>1645550056125_jpg.rf.886d315fe4148ca4347809a7034c2cd0.jpg</path>
	<source>
		<database>roboflow.ai</database>
	</source>
	<size>
		<width>416</width>
		<height>416</height>
		<depth>3</depth>
	</size>
	<segmented>0</segmented>
	<object>
		<name>Downy Mildew</name>
		<pose>Unspecified</pose>
		<truncated>0</truncated>
		<difficult>0</difficult>
		<occluded>0</occluded>
		<bndbox>
			<xmin>118</xmin>
			<xmax>241</xmax>
			<ymin>86</ymin>
			<ymax>147</ymax>
		</bndbox>
	</object>
	<object>
		<name>Powdery Mildew</name>
		<pose>Unspecified</pose>
		<truncated>0</truncated>
		<difficult>0</difficult>
		<occluded>0</occluded>
		<bndbox>
			<xmin>71</xmin>
			<xmax>340</xmax>
			<ymin>145</ymin>
			<ymax>351</ymax>
		</bndbox>
	</object>
</annotation>
