<annotation>
	<folder></folder>
	<filename>1645550056029_jpg.rf.d0ff4273d16cd49715d72525ea179498.jpg</filename>
	<path>1645550056029_jpg.rf.d0ff4273d16cd49715d72525ea179498.jpg</path>
	<source>
		<database>roboflow.ai</database>
	</source>
	<size>
		<width>416</width>
		<height>416</height>
		<depth>3</depth>
	</size>
	<segmented>0</segmented>
	<object>
		<name>Powdery Mildew</name>
		<pose>Unspecified</pose>
		<truncated>0</truncated>
		<difficult>0</difficult>
		<occluded>0</occluded>
		<bndbox>
			<xmin>5</xmin>
			<xmax>387</xmax>
			<ymin>86</ymin>
			<ymax>388</ymax>
		</bndbox>
	</object>
</annotation>
