<annotation>
	<folder></folder>
	<filename>1645550057821_jpg.rf.b23f37d61fa84cb648abf9195c8042e5.jpg</filename>
	<path>1645550057821_jpg.rf.b23f37d61fa84cb648abf9195c8042e5.jpg</path>
	<source>
		<database>roboflow.ai</database>
	</source>
	<size>
		<width>416</width>
		<height>416</height>
		<depth>3</depth>
	</size>
	<segmented>0</segmented>
	<object>
		<name>Powdery Mildew</name>
		<pose>Unspecified</pose>
		<truncated>0</truncated>
		<difficult>0</difficult>
		<occluded>0</occluded>
		<bndbox>
			<xmin>91</xmin>
			<xmax>347</xmax>
			<ymin>149</ymin>
			<ymax>314</ymax>
		</bndbox>
	</object>
</annotation>
