<annotation>
	<folder></folder>
	<filename>1645550057925_jpg.rf.fa0d8d70f8e4ee783fe2d054d1a0179d.jpg</filename>
	<path>1645550057925_jpg.rf.fa0d8d70f8e4ee783fe2d054d1a0179d.jpg</path>
	<source>
		<database>roboflow.ai</database>
	</source>
	<size>
		<width>416</width>
		<height>416</height>
		<depth>3</depth>
	</size>
	<segmented>0</segmented>
	<object>
		<name>Downy Mildew</name>
		<pose>Unspecified</pose>
		<truncated>0</truncated>
		<difficult>0</difficult>
		<occluded>0</occluded>
		<bndbox>
			<xmin>49</xmin>
			<xmax>104</xmax>
			<ymin>199</ymin>
			<ymax>260</ymax>
		</bndbox>
	</object>
	<object>
		<name>Downy Mildew</name>
		<pose>Unspecified</pose>
		<truncated>0</truncated>
		<difficult>0</difficult>
		<occluded>0</occluded>
		<bndbox>
			<xmin>1</xmin>
			<xmax>243</xmax>
			<ymin>230</ymin>
			<ymax>370</ymax>
		</bndbox>
	</object>
</annotation>
