<annotation>
	<folder></folder>
	<filename>1645550056964_jpg.rf.b4bc5bedc72fa646de464cde5d9adb62.jpg</filename>
	<path>1645550056964_jpg.rf.b4bc5bedc72fa646de464cde5d9adb62.jpg</path>
	<source>
		<database>roboflow.ai</database>
	</source>
	<size>
		<width>416</width>
		<height>416</height>
		<depth>3</depth>
	</size>
	<segmented>0</segmented>
	<object>
		<name>Downy Mildew</name>
		<pose>Unspecified</pose>
		<truncated>0</truncated>
		<difficult>0</difficult>
		<occluded>0</occluded>
		<bndbox>
			<xmin>224</xmin>
			<xmax>260</xmax>
			<ymin>241</ymin>
			<ymax>325</ymax>
		</bndbox>
	</object>
	<object>
		<name>Downy Mildew</name>
		<pose>Unspecified</pose>
		<truncated>0</truncated>
		<difficult>0</difficult>
		<occluded>0</occluded>
		<bndbox>
			<xmin>210</xmin>
			<xmax>274</xmax>
			<ymin>348</ymin>
			<ymax>406</ymax>
		</bndbox>
	</object>
</annotation>
