<annotation>
	<folder></folder>
	<filename>1645550057761_jpg.rf.6451fbb8981c76a75b44a0e63bc1a7e6.jpg</filename>
	<path>1645550057761_jpg.rf.6451fbb8981c76a75b44a0e63bc1a7e6.jpg</path>
	<source>
		<database>roboflow.ai</database>
	</source>
	<size>
		<width>416</width>
		<height>416</height>
		<depth>3</depth>
	</size>
	<segmented>0</segmented>
	<object>
		<name>Powdery Mildew</name>
		<pose>Unspecified</pose>
		<truncated>0</truncated>
		<difficult>0</difficult>
		<occluded>0</occluded>
		<bndbox>
			<xmin>61</xmin>
			<xmax>330</xmax>
			<ymin>152</ymin>
			<ymax>334</ymax>
		</bndbox>
	</object>
</annotation>
