<annotation>
	<folder></folder>
	<filename>1645550056724_jpg.rf.5bfeae64fa4e49e1a8150974d5f6eb9f.jpg</filename>
	<path>1645550056724_jpg.rf.5bfeae64fa4e49e1a8150974d5f6eb9f.jpg</path>
	<source>
		<database>roboflow.ai</database>
	</source>
	<size>
		<width>416</width>
		<height>416</height>
		<depth>3</depth>
	</size>
	<segmented>0</segmented>
	<object>
		<name>Downy Mildew</name>
		<pose>Unspecified</pose>
		<truncated>0</truncated>
		<difficult>0</difficult>
		<occluded>0</occluded>
		<bndbox>
			<xmin>92</xmin>
			<xmax>374</xmax>
			<ymin>153</ymin>
			<ymax>361</ymax>
		</bndbox>
	</object>
</annotation>
