<annotation>
	<folder></folder>
	<filename>1645550055999_jpg.rf.bebe0b6b7e9e4ac1f6574d9e90fbf95b.jpg</filename>
	<path>1645550055999_jpg.rf.bebe0b6b7e9e4ac1f6574d9e90fbf95b.jpg</path>
	<source>
		<database>roboflow.ai</database>
	</source>
	<size>
		<width>416</width>
		<height>416</height>
		<depth>3</depth>
	</size>
	<segmented>0</segmented>
	<object>
		<name>Powdery Mildew</name>
		<pose>Unspecified</pose>
		<truncated>0</truncated>
		<difficult>0</difficult>
		<occluded>0</occluded>
		<bndbox>
			<xmin>98</xmin>
			<xmax>328</xmax>
			<ymin>177</ymin>
			<ymax>372</ymax>
		</bndbox>
	</object>
	<object>
		<name>Powdery Mildew</name>
		<pose>Unspecified</pose>
		<truncated>0</truncated>
		<difficult>0</difficult>
		<occluded>0</occluded>
		<bndbox>
			<xmin>3</xmin>
			<xmax>150</xmax>
			<ymin>286</ymin>
			<ymax>417</ymax>
		</bndbox>
	</object>
</annotation>
