<annotation>
	<folder></folder>
	<filename>1645550057731_jpg.rf.5ea75aaa352242f0b76e8adab72db1a0.jpg</filename>
	<path>1645550057731_jpg.rf.5ea75aaa352242f0b76e8adab72db1a0.jpg</path>
	<source>
		<database>roboflow.ai</database>
	</source>
	<size>
		<width>416</width>
		<height>416</height>
		<depth>3</depth>
	</size>
	<segmented>0</segmented>
	<object>
		<name>Downy Mildew</name>
		<pose>Unspecified</pose>
		<truncated>0</truncated>
		<difficult>0</difficult>
		<occluded>0</occluded>
		<bndbox>
			<xmin>143</xmin>
			<xmax>321</xmax>
			<ymin>192</ymin>
			<ymax>344</ymax>
		</bndbox>
	</object>
	<object>
		<name>Downy Mildew</name>
		<pose>Unspecified</pose>
		<truncated>0</truncated>
		<difficult>0</difficult>
		<occluded>0</occluded>
		<bndbox>
			<xmin>131</xmin>
			<xmax>212</xmax>
			<ymin>310</ymin>
			<ymax>361</ymax>
		</bndbox>
	</object>
</annotation>
