<annotation>
	<folder></folder>
	<filename>1645550056370_jpg.rf.da1ded016f42091850ed058938de71dc.jpg</filename>
	<path>1645550056370_jpg.rf.da1ded016f42091850ed058938de71dc.jpg</path>
	<source>
		<database>roboflow.ai</database>
	</source>
	<size>
		<width>416</width>
		<height>416</height>
		<depth>3</depth>
	</size>
	<segmented>0</segmented>
	<object>
		<name>Powdery Mildew</name>
		<pose>Unspecified</pose>
		<truncated>0</truncated>
		<difficult>0</difficult>
		<occluded>0</occluded>
		<bndbox>
			<xmin>11</xmin>
			<xmax>417</xmax>
			<ymin>124</ymin>
			<ymax>331</ymax>
		</bndbox>
	</object>
</annotation>
