<annotation>
	<folder></folder>
	<filename>1645550057866_jpg.rf.78829440224344b318cb33bf79631b44.jpg</filename>
	<path>1645550057866_jpg.rf.78829440224344b318cb33bf79631b44.jpg</path>
	<source>
		<database>roboflow.ai</database>
	</source>
	<size>
		<width>416</width>
		<height>416</height>
		<depth>3</depth>
	</size>
	<segmented>0</segmented>
	<object>
		<name>Powdery Mildew</name>
		<pose>Unspecified</pose>
		<truncated>0</truncated>
		<difficult>0</difficult>
		<occluded>0</occluded>
		<bndbox>
			<xmin>352</xmin>
			<xmax>414</xmax>
			<ymin>141</ymin>
			<ymax>202</ymax>
		</bndbox>
	</object>
	<object>
		<name>Powdery Mildew</name>
		<pose>Unspecified</pose>
		<truncated>0</truncated>
		<difficult>0</difficult>
		<occluded>0</occluded>
		<bndbox>
			<xmin>60</xmin>
			<xmax>346</xmax>
			<ymin>181</ymin>
			<ymax>403</ymax>
		</bndbox>
	</object>
	<object>
		<name>Downy Mildew</name>
		<pose>Unspecified</pose>
		<truncated>0</truncated>
		<difficult>0</difficult>
		<occluded>0</occluded>
		<bndbox>
			<xmin>60</xmin>
			<xmax>100</xmax>
			<ymin>336</ymin>
			<ymax>391</ymax>
		</bndbox>
	</object>
</annotation>
