<annotation>
	<folder></folder>
	<filename>1645550056761_jpg.rf.9ee725be9c86935a9bec10f76a136047.jpg</filename>
	<path>1645550056761_jpg.rf.9ee725be9c86935a9bec10f76a136047.jpg</path>
	<source>
		<database>roboflow.ai</database>
	</source>
	<size>
		<width>416</width>
		<height>416</height>
		<depth>3</depth>
	</size>
	<segmented>0</segmented>
	<object>
		<name>Powdery Mildew</name>
		<pose>Unspecified</pose>
		<truncated>0</truncated>
		<difficult>0</difficult>
		<occluded>0</occluded>
		<bndbox>
			<xmin>36</xmin>
			<xmax>284</xmax>
			<ymin>233</ymin>
			<ymax>385</ymax>
		</bndbox>
	</object>
</annotation>
