<annotation>
	<folder></folder>
	<filename>1645550056471_jpg.rf.85a56fbff103d79dc66147e899fd9e6a.jpg</filename>
	<path>1645550056471_jpg.rf.85a56fbff103d79dc66147e899fd9e6a.jpg</path>
	<source>
		<database>roboflow.ai</database>
	</source>
	<size>
		<width>416</width>
		<height>416</height>
		<depth>3</depth>
	</size>
	<segmented>0</segmented>
	<object>
		<name>Powdery Mildew</name>
		<pose>Unspecified</pose>
		<truncated>0</truncated>
		<difficult>0</difficult>
		<occluded>0</occluded>
		<bndbox>
			<xmin>34</xmin>
			<xmax>382</xmax>
			<ymin>157</ymin>
			<ymax>348</ymax>
		</bndbox>
	</object>
</annotation>
