<annotation>
	<folder></folder>
	<filename>1645550056995_jpg.rf.7a62153237e47ad3b1f246b32b64fd67.jpg</filename>
	<path>1645550056995_jpg.rf.7a62153237e47ad3b1f246b32b64fd67.jpg</path>
	<source>
		<database>roboflow.ai</database>
	</source>
	<size>
		<width>416</width>
		<height>416</height>
		<depth>3</depth>
	</size>
	<segmented>0</segmented>
	<object>
		<name>Powdery Mildew</name>
		<pose>Unspecified</pose>
		<truncated>0</truncated>
		<difficult>0</difficult>
		<occluded>0</occluded>
		<bndbox>
			<xmin>59</xmin>
			<xmax>390</xmax>
			<ymin>161</ymin>
			<ymax>377</ymax>
		</bndbox>
	</object>
</annotation>
