<annotation>
	<folder></folder>
	<filename>1645550056130_jpg.rf.e592f2bb1fba4dac0e96e9c1a9cd1a5a.jpg</filename>
	<path>1645550056130_jpg.rf.e592f2bb1fba4dac0e96e9c1a9cd1a5a.jpg</path>
	<source>
		<database>roboflow.ai</database>
	</source>
	<size>
		<width>416</width>
		<height>416</height>
		<depth>3</depth>
	</size>
	<segmented>0</segmented>
	<object>
		<name>Powdery Mildew</name>
		<pose>Unspecified</pose>
		<truncated>0</truncated>
		<difficult>0</difficult>
		<occluded>0</occluded>
		<bndbox>
			<xmin>17</xmin>
			<xmax>417</xmax>
			<ymin>90</ymin>
			<ymax>365</ymax>
		</bndbox>
	</object>
	<object>
		<name>Downy Mildew</name>
		<pose>Unspecified</pose>
		<truncated>0</truncated>
		<difficult>0</difficult>
		<occluded>0</occluded>
		<bndbox>
			<xmin>256</xmin>
			<xmax>315</xmax>
			<ymin>293</ymin>
			<ymax>342</ymax>
		</bndbox>
	</object>
</annotation>
