<annotation>
	<folder></folder>
	<filename>1645550057896_jpg.rf.64f05133754caeb10c589f4f5d364e03.jpg</filename>
	<path>1645550057896_jpg.rf.64f05133754caeb10c589f4f5d364e03.jpg</path>
	<source>
		<database>roboflow.ai</database>
	</source>
	<size>
		<width>416</width>
		<height>416</height>
		<depth>3</depth>
	</size>
	<segmented>0</segmented>
	<object>
		<name>Powdery Mildew</name>
		<pose>Unspecified</pose>
		<truncated>0</truncated>
		<difficult>0</difficult>
		<occluded>0</occluded>
		<bndbox>
			<xmin>63</xmin>
			<xmax>403</xmax>
			<ymin>98</ymin>
			<ymax>348</ymax>
		</bndbox>
	</object>
</annotation>
