<annotation>
	<folder></folder>
	<filename>1645550056850_jpg.rf.8f057abadb5c549676a5d23f3d8c6356.jpg</filename>
	<path>1645550056850_jpg.rf.8f057abadb5c549676a5d23f3d8c6356.jpg</path>
	<source>
		<database>roboflow.ai</database>
	</source>
	<size>
		<width>416</width>
		<height>416</height>
		<depth>3</depth>
	</size>
	<segmented>0</segmented>
	<object>
		<name>Powdery Mildew</name>
		<pose>Unspecified</pose>
		<truncated>0</truncated>
		<difficult>0</difficult>
		<occluded>0</occluded>
		<bndbox>
			<xmin>228</xmin>
			<xmax>412</xmax>
			<ymin>121</ymin>
			<ymax>256</ymax>
		</bndbox>
	</object>
	<object>
		<name>Downy Mildew</name>
		<pose>Unspecified</pose>
		<truncated>0</truncated>
		<difficult>0</difficult>
		<occluded>0</occluded>
		<bndbox>
			<xmin>22</xmin>
			<xmax>164</xmax>
			<ymin>202</ymin>
			<ymax>303</ymax>
		</bndbox>
	</object>
</annotation>
