<annotation>
	<folder></folder>
	<filename>1645550056171_jpg.rf.fc5e145910cd7801afbec0fba247ce37.jpg</filename>
	<path>1645550056171_jpg.rf.fc5e145910cd7801afbec0fba247ce37.jpg</path>
	<source>
		<database>roboflow.ai</database>
	</source>
	<size>
		<width>416</width>
		<height>416</height>
		<depth>3</depth>
	</size>
	<segmented>0</segmented>
	<object>
		<name>Powdery Mildew</name>
		<pose>Unspecified</pose>
		<truncated>0</truncated>
		<difficult>0</difficult>
		<occluded>0</occluded>
		<bndbox>
			<xmin>89</xmin>
			<xmax>284</xmax>
			<ymin>128</ymin>
			<ymax>357</ymax>
		</bndbox>
	</object>
	<object>
		<name>Powdery Mildew</name>
		<pose>Unspecified</pose>
		<truncated>0</truncated>
		<difficult>0</difficult>
		<occluded>0</occluded>
		<bndbox>
			<xmin>236</xmin>
			<xmax>416</xmax>
			<ymin>25</ymin>
			<ymax>128</ymax>
		</bndbox>
	</object>
</annotation>
