<annotation>
	<folder></folder>
	<filename>1645550056719_jpg.rf.a8398c910424082930ca1a4ec4e0bf21.jpg</filename>
	<path>1645550056719_jpg.rf.a8398c910424082930ca1a4ec4e0bf21.jpg</path>
	<source>
		<database>roboflow.ai</database>
	</source>
	<size>
		<width>416</width>
		<height>416</height>
		<depth>3</depth>
	</size>
	<segmented>0</segmented>
	<object>
		<name>Powdery Mildew</name>
		<pose>Unspecified</pose>
		<truncated>0</truncated>
		<difficult>0</difficult>
		<occluded>0</occluded>
		<bndbox>
			<xmin>67</xmin>
			<xmax>221</xmax>
			<ymin>91</ymin>
			<ymax>247</ymax>
		</bndbox>
	</object>
	<object>
		<name>Downy Mildew</name>
		<pose>Unspecified</pose>
		<truncated>0</truncated>
		<difficult>0</difficult>
		<occluded>0</occluded>
		<bndbox>
			<xmin>373</xmin>
			<xmax>403</xmax>
			<ymin>330</ymin>
			<ymax>359</ymax>
		</bndbox>
	</object>
	<object>
		<name>Downy Mildew</name>
		<pose>Unspecified</pose>
		<truncated>0</truncated>
		<difficult>0</difficult>
		<occluded>0</occluded>
		<bndbox>
			<xmin>146</xmin>
			<xmax>226</xmax>
			<ymin>335</ymin>
			<ymax>388</ymax>
		</bndbox>
	</object>
</annotation>
