<annotation>
	<folder></folder>
	<filename>1645550058020_jpg.rf.f0e5ef5e678309e75f428ed060980c50.jpg</filename>
	<path>1645550058020_jpg.rf.f0e5ef5e678309e75f428ed060980c50.jpg</path>
	<source>
		<database>roboflow.ai</database>
	</source>
	<size>
		<width>416</width>
		<height>416</height>
		<depth>3</depth>
	</size>
	<segmented>0</segmented>
	<object>
		<name>Powdery Mildew</name>
		<pose>Unspecified</pose>
		<truncated>0</truncated>
		<difficult>0</difficult>
		<occluded>0</occluded>
		<bndbox>
			<xmin>155</xmin>
			<xmax>292</xmax>
			<ymin>103</ymin>
			<ymax>213</ymax>
		</bndbox>
	</object>
	<object>
		<name>Downy Mildew</name>
		<pose>Unspecified</pose>
		<truncated>0</truncated>
		<difficult>0</difficult>
		<occluded>0</occluded>
		<bndbox>
			<xmin>66</xmin>
			<xmax>149</xmax>
			<ymin>265</ymin>
			<ymax>285</ymax>
		</bndbox>
	</object>
	<object>
		<name>Powdery Mildew</name>
		<pose>Unspecified</pose>
		<truncated>0</truncated>
		<difficult>0</difficult>
		<occluded>0</occluded>
		<bndbox>
			<xmin>160</xmin>
			<xmax>297</xmax>
			<ymin>234</ymin>
			<ymax>334</ymax>
		</bndbox>
	</object>
</annotation>
