<annotation>
	<folder></folder>
	<filename>1645550057965_jpg.rf.db55f8fcf7d091d7b5cf98ea78278cbe.jpg</filename>
	<path>1645550057965_jpg.rf.db55f8fcf7d091d7b5cf98ea78278cbe.jpg</path>
	<source>
		<database>roboflow.ai</database>
	</source>
	<size>
		<width>416</width>
		<height>416</height>
		<depth>3</depth>
	</size>
	<segmented>0</segmented>
	<object>
		<name>Downy Mildew</name>
		<pose>Unspecified</pose>
		<truncated>0</truncated>
		<difficult>0</difficult>
		<occluded>0</occluded>
		<bndbox>
			<xmin>278</xmin>
			<xmax>374</xmax>
			<ymin>228</ymin>
			<ymax>253</ymax>
		</bndbox>
	</object>
	<object>
		<name>Downy Mildew</name>
		<pose>Unspecified</pose>
		<truncated>0</truncated>
		<difficult>0</difficult>
		<occluded>0</occluded>
		<bndbox>
			<xmin>77</xmin>
			<xmax>215</xmax>
			<ymin>215</ymin>
			<ymax>304</ymax>
		</bndbox>
	</object>
	<object>
		<name>Downy Mildew</name>
		<pose>Unspecified</pose>
		<truncated>0</truncated>
		<difficult>0</difficult>
		<occluded>0</occluded>
		<bndbox>
			<xmin>324</xmin>
			<xmax>360</xmax>
			<ymin>298</ymin>
			<ymax>319</ymax>
		</bndbox>
	</object>
	<object>
		<name>Downy Mildew</name>
		<pose>Unspecified</pose>
		<truncated>0</truncated>
		<difficult>0</difficult>
		<occluded>0</occluded>
		<bndbox>
			<xmin>184</xmin>
			<xmax>296</xmax>
			<ymin>283</ymin>
			<ymax>360</ymax>
		</bndbox>
	</object>
</annotation>
