<annotation>
	<folder></folder>
	<filename>1645550055929_jpg.rf.66c50ac3a6157862be769a9bdc0a57e6.jpg</filename>
	<path>1645550055929_jpg.rf.66c50ac3a6157862be769a9bdc0a57e6.jpg</path>
	<source>
		<database>roboflow.ai</database>
	</source>
	<size>
		<width>416</width>
		<height>416</height>
		<depth>3</depth>
	</size>
	<segmented>0</segmented>
	<object>
		<name>Powdery Mildew</name>
		<pose>Unspecified</pose>
		<truncated>0</truncated>
		<difficult>0</difficult>
		<occluded>0</occluded>
		<bndbox>
			<xmin>107</xmin>
			<xmax>406</xmax>
			<ymin>98</ymin>
			<ymax>300</ymax>
		</bndbox>
	</object>
</annotation>
