<annotation>
	<folder></folder>
	<filename>1645550056004_jpg.rf.9bcafeff105bf2320ec5d09404690e4f.jpg</filename>
	<path>1645550056004_jpg.rf.9bcafeff105bf2320ec5d09404690e4f.jpg</path>
	<source>
		<database>roboflow.ai</database>
	</source>
	<size>
		<width>416</width>
		<height>416</height>
		<depth>3</depth>
	</size>
	<segmented>0</segmented>
	<object>
		<name>Powdery Mildew</name>
		<pose>Unspecified</pose>
		<truncated>0</truncated>
		<difficult>0</difficult>
		<occluded>0</occluded>
		<bndbox>
			<xmin>151</xmin>
			<xmax>417</xmax>
			<ymin>111</ymin>
			<ymax>301</ymax>
		</bndbox>
	</object>
	<object>
		<name>Powdery Mildew</name>
		<pose>Unspecified</pose>
		<truncated>0</truncated>
		<difficult>0</difficult>
		<occluded>0</occluded>
		<bndbox>
			<xmin>9</xmin>
			<xmax>109</xmax>
			<ymin>335</ymin>
			<ymax>385</ymax>
		</bndbox>
	</object>
</annotation>
