<annotation>
	<folder></folder>
	<filename>1645550056360_jpg.rf.bf66f4f46eef0891814de0744b881104.jpg</filename>
	<path>1645550056360_jpg.rf.bf66f4f46eef0891814de0744b881104.jpg</path>
	<source>
		<database>roboflow.ai</database>
	</source>
	<size>
		<width>416</width>
		<height>416</height>
		<depth>3</depth>
	</size>
	<segmented>0</segmented>
	<object>
		<name>Powdery Mildew</name>
		<pose>Unspecified</pose>
		<truncated>0</truncated>
		<difficult>0</difficult>
		<occluded>0</occluded>
		<bndbox>
			<xmin>17</xmin>
			<xmax>345</xmax>
			<ymin>150</ymin>
			<ymax>416</ymax>
		</bndbox>
	</object>
</annotation>
