<annotation>
	<folder></folder>
	<filename>1645550056486_jpg.rf.81bfefb1714c7fb090178af1fef9939e.jpg</filename>
	<path>1645550056486_jpg.rf.81bfefb1714c7fb090178af1fef9939e.jpg</path>
	<source>
		<database>roboflow.ai</database>
	</source>
	<size>
		<width>416</width>
		<height>416</height>
		<depth>3</depth>
	</size>
	<segmented>0</segmented>
	<object>
		<name>Powdery Mildew</name>
		<pose>Unspecified</pose>
		<truncated>0</truncated>
		<difficult>0</difficult>
		<occluded>0</occluded>
		<bndbox>
			<xmin>88</xmin>
			<xmax>311</xmax>
			<ymin>145</ymin>
			<ymax>377</ymax>
		</bndbox>
	</object>
	<object>
		<name>Downy Mildew</name>
		<pose>Unspecified</pose>
		<truncated>0</truncated>
		<difficult>0</difficult>
		<occluded>0</occluded>
		<bndbox>
			<xmin>312</xmin>
			<xmax>395</xmax>
			<ymin>286</ymin>
			<ymax>325</ymax>
		</bndbox>
	</object>
</annotation>
