<annotation>
	<folder></folder>
	<filename>1645550057756_jpg.rf.f08e11df90cdf5ef3b9277a97b8ce12c.jpg</filename>
	<path>1645550057756_jpg.rf.f08e11df90cdf5ef3b9277a97b8ce12c.jpg</path>
	<source>
		<database>roboflow.ai</database>
	</source>
	<size>
		<width>416</width>
		<height>416</height>
		<depth>3</depth>
	</size>
	<segmented>0</segmented>
	<object>
		<name>Powdery Mildew</name>
		<pose>Unspecified</pose>
		<truncated>0</truncated>
		<difficult>0</difficult>
		<occluded>0</occluded>
		<bndbox>
			<xmin>64</xmin>
			<xmax>237</xmax>
			<ymin>186</ymin>
			<ymax>332</ymax>
		</bndbox>
	</object>
</annotation>
