<annotation>
	<folder></folder>
	<filename>1645550056060_jpg.rf.f6a91e5d08f21ccf127695c465a0592a.jpg</filename>
	<path>1645550056060_jpg.rf.f6a91e5d08f21ccf127695c465a0592a.jpg</path>
	<source>
		<database>roboflow.ai</database>
	</source>
	<size>
		<width>416</width>
		<height>416</height>
		<depth>3</depth>
	</size>
	<segmented>0</segmented>
	<object>
		<name>Powdery Mildew</name>
		<pose>Unspecified</pose>
		<truncated>0</truncated>
		<difficult>0</difficult>
		<occluded>0</occluded>
		<bndbox>
			<xmin>34</xmin>
			<xmax>417</xmax>
			<ymin>185</ymin>
			<ymax>338</ymax>
		</bndbox>
	</object>
</annotation>
