<annotation>
	<folder></folder>
	<filename>1645550055975_jpg.rf.fa8096d198989c304fd5dcc47f0604cc.jpg</filename>
	<path>1645550055975_jpg.rf.fa8096d198989c304fd5dcc47f0604cc.jpg</path>
	<source>
		<database>roboflow.ai</database>
	</source>
	<size>
		<width>416</width>
		<height>416</height>
		<depth>3</depth>
	</size>
	<segmented>0</segmented>
	<object>
		<name>Powdery Mildew</name>
		<pose>Unspecified</pose>
		<truncated>0</truncated>
		<difficult>0</difficult>
		<occluded>0</occluded>
		<bndbox>
			<xmin>244</xmin>
			<xmax>387</xmax>
			<ymin>194</ymin>
			<ymax>347</ymax>
		</bndbox>
	</object>
</annotation>
