<annotation>
	<folder></folder>
	<filename>1645550056216_jpg.rf.3f9b80dbeab5a46f679a6e86d4c0548b.jpg</filename>
	<path>1645550056216_jpg.rf.3f9b80dbeab5a46f679a6e86d4c0548b.jpg</path>
	<source>
		<database>roboflow.ai</database>
	</source>
	<size>
		<width>416</width>
		<height>416</height>
		<depth>3</depth>
	</size>
	<segmented>0</segmented>
	<object>
		<name>Powdery Mildew</name>
		<pose>Unspecified</pose>
		<truncated>0</truncated>
		<difficult>0</difficult>
		<occluded>0</occluded>
		<bndbox>
			<xmin>25</xmin>
			<xmax>237</xmax>
			<ymin>155</ymin>
			<ymax>321</ymax>
		</bndbox>
	</object>
	<object>
		<name>Powdery Mildew</name>
		<pose>Unspecified</pose>
		<truncated>0</truncated>
		<difficult>0</difficult>
		<occluded>0</occluded>
		<bndbox>
			<xmin>278</xmin>
			<xmax>416</xmax>
			<ymin>176</ymin>
			<ymax>416</ymax>
		</bndbox>
	</object>
	<object>
		<name>Downy Mildew</name>
		<pose>Unspecified</pose>
		<truncated>0</truncated>
		<difficult>0</difficult>
		<occluded>0</occluded>
		<bndbox>
			<xmin>224</xmin>
			<xmax>259</xmax>
			<ymin>334</ymin>
			<ymax>375</ymax>
		</bndbox>
	</object>
</annotation>
