<annotation>
	<folder></folder>
	<filename>1645550056782_jpg.rf.0773cb5501af3b34c8c470a3ff01ca67.jpg</filename>
	<path>1645550056782_jpg.rf.0773cb5501af3b34c8c470a3ff01ca67.jpg</path>
	<source>
		<database>roboflow.ai</database>
	</source>
	<size>
		<width>416</width>
		<height>416</height>
		<depth>3</depth>
	</size>
	<segmented>0</segmented>
	<object>
		<name>Powdery Mildew</name>
		<pose>Unspecified</pose>
		<truncated>0</truncated>
		<difficult>0</difficult>
		<occluded>0</occluded>
		<bndbox>
			<xmin>4</xmin>
			<xmax>396</xmax>
			<ymin>90</ymin>
			<ymax>392</ymax>
		</bndbox>
	</object>
</annotation>
