<annotation>
	<folder></folder>
	<filename>1645550055960_jpg.rf.dc58dc360cad994ebd20d4ac5892c8ca.jpg</filename>
	<path>1645550055960_jpg.rf.dc58dc360cad994ebd20d4ac5892c8ca.jpg</path>
	<source>
		<database>roboflow.ai</database>
	</source>
	<size>
		<width>416</width>
		<height>416</height>
		<depth>3</depth>
	</size>
	<segmented>0</segmented>
	<object>
		<name>Powdery Mildew</name>
		<pose>Unspecified</pose>
		<truncated>0</truncated>
		<difficult>0</difficult>
		<occluded>0</occluded>
		<bndbox>
			<xmin>84</xmin>
			<xmax>378</xmax>
			<ymin>195</ymin>
			<ymax>333</ymax>
		</bndbox>
	</object>
</annotation>
