<annotation>
	<folder></folder>
	<filename>1645550056345_jpg.rf.8eeeea573cfff0d3407dd395dff94e3c.jpg</filename>
	<path>1645550056345_jpg.rf.8eeeea573cfff0d3407dd395dff94e3c.jpg</path>
	<source>
		<database>roboflow.ai</database>
	</source>
	<size>
		<width>416</width>
		<height>416</height>
		<depth>3</depth>
	</size>
	<segmented>0</segmented>
	<object>
		<name>Downy Mildew</name>
		<pose>Unspecified</pose>
		<truncated>0</truncated>
		<difficult>0</difficult>
		<occluded>0</occluded>
		<bndbox>
			<xmin>364</xmin>
			<xmax>387</xmax>
			<ymin>151</ymin>
			<ymax>166</ymax>
		</bndbox>
	</object>
	<object>
		<name>Powdery Mildew</name>
		<pose>Unspecified</pose>
		<truncated>0</truncated>
		<difficult>0</difficult>
		<occluded>0</occluded>
		<bndbox>
			<xmin>15</xmin>
			<xmax>404</xmax>
			<ymin>128</ymin>
			<ymax>359</ymax>
		</bndbox>
	</object>
</annotation>
