<annotation>
	<folder></folder>
	<filename>1645550057801_jpg.rf.cb40acea064a8453135658b90022f7fd.jpg</filename>
	<path>1645550057801_jpg.rf.cb40acea064a8453135658b90022f7fd.jpg</path>
	<source>
		<database>roboflow.ai</database>
	</source>
	<size>
		<width>416</width>
		<height>416</height>
		<depth>3</depth>
	</size>
	<segmented>0</segmented>
	<object>
		<name>Downy Mildew</name>
		<pose>Unspecified</pose>
		<truncated>0</truncated>
		<difficult>0</difficult>
		<occluded>0</occluded>
		<bndbox>
			<xmin>181</xmin>
			<xmax>222</xmax>
			<ymin>148</ymin>
			<ymax>174</ymax>
		</bndbox>
	</object>
	<object>
		<name>Powdery Mildew</name>
		<pose>Unspecified</pose>
		<truncated>0</truncated>
		<difficult>0</difficult>
		<occluded>0</occluded>
		<bndbox>
			<xmin>64</xmin>
			<xmax>417</xmax>
			<ymin>109</ymin>
			<ymax>356</ymax>
		</bndbox>
	</object>
</annotation>
