<annotation>
	<folder></folder>
	<filename>1645550056095_jpg.rf.7f7eb1c0c27d5308968e88ac3768850e.jpg</filename>
	<path>1645550056095_jpg.rf.7f7eb1c0c27d5308968e88ac3768850e.jpg</path>
	<source>
		<database>roboflow.ai</database>
	</source>
	<size>
		<width>416</width>
		<height>416</height>
		<depth>3</depth>
	</size>
	<segmented>0</segmented>
	<object>
		<name>Powdery Mildew</name>
		<pose>Unspecified</pose>
		<truncated>0</truncated>
		<difficult>0</difficult>
		<occluded>0</occluded>
		<bndbox>
			<xmin>181</xmin>
			<xmax>388</xmax>
			<ymin>112</ymin>
			<ymax>321</ymax>
		</bndbox>
	</object>
	<object>
		<name>Downy Mildew</name>
		<pose>Unspecified</pose>
		<truncated>0</truncated>
		<difficult>0</difficult>
		<occluded>0</occluded>
		<bndbox>
			<xmin>94</xmin>
			<xmax>117</xmax>
			<ymin>292</ymin>
			<ymax>317</ymax>
		</bndbox>
	</object>
	<object>
		<name>Downy Mildew</name>
		<pose>Unspecified</pose>
		<truncated>0</truncated>
		<difficult>0</difficult>
		<occluded>0</occluded>
		<bndbox>
			<xmin>21</xmin>
			<xmax>43</xmax>
			<ymin>353</ymin>
			<ymax>371</ymax>
		</bndbox>
	</object>
</annotation>
