<annotation>
	<folder></folder>
	<filename>1645550056826_jpg.rf.ee3b5f464c70d6d67024a640d3600817.jpg</filename>
	<path>1645550056826_jpg.rf.ee3b5f464c70d6d67024a640d3600817.jpg</path>
	<source>
		<database>roboflow.ai</database>
	</source>
	<size>
		<width>416</width>
		<height>416</height>
		<depth>3</depth>
	</size>
	<segmented>0</segmented>
	<object>
		<name>Downy Mildew</name>
		<pose>Unspecified</pose>
		<truncated>0</truncated>
		<difficult>0</difficult>
		<occluded>0</occluded>
		<bndbox>
			<xmin>339</xmin>
			<xmax>403</xmax>
			<ymin>212</ymin>
			<ymax>272</ymax>
		</bndbox>
	</object>
	<object>
		<name>Downy Mildew</name>
		<pose>Unspecified</pose>
		<truncated>0</truncated>
		<difficult>0</difficult>
		<occluded>0</occluded>
		<bndbox>
			<xmin>188</xmin>
			<xmax>236</xmax>
			<ymin>275</ymin>
			<ymax>345</ymax>
		</bndbox>
	</object>
</annotation>
