<annotation>
	<folder></folder>
	<filename>1645550056796_jpg.rf.fce2b8774680053ff680b2f524eef0e2.jpg</filename>
	<path>1645550056796_jpg.rf.fce2b8774680053ff680b2f524eef0e2.jpg</path>
	<source>
		<database>roboflow.ai</database>
	</source>
	<size>
		<width>416</width>
		<height>416</height>
		<depth>3</depth>
	</size>
	<segmented>0</segmented>
	<object>
		<name>Downy Mildew</name>
		<pose>Unspecified</pose>
		<truncated>0</truncated>
		<difficult>0</difficult>
		<occluded>0</occluded>
		<bndbox>
			<xmin>189</xmin>
			<xmax>379</xmax>
			<ymin>204</ymin>
			<ymax>350</ymax>
		</bndbox>
	</object>
	<object>
		<name>Downy Mildew</name>
		<pose>Unspecified</pose>
		<truncated>0</truncated>
		<difficult>0</difficult>
		<occluded>0</occluded>
		<bndbox>
			<xmin>224</xmin>
			<xmax>267</xmax>
			<ymin>352</ymin>
			<ymax>380</ymax>
		</bndbox>
	</object>
	<object>
		<name>Downy Mildew</name>
		<pose>Unspecified</pose>
		<truncated>0</truncated>
		<difficult>0</difficult>
		<occluded>0</occluded>
		<bndbox>
			<xmin>323</xmin>
			<xmax>416</xmax>
			<ymin>338</ymin>
			<ymax>416</ymax>
		</bndbox>
	</object>
</annotation>
