<annotation>
	<folder></folder>
	<filename>1645550055944_jpg.rf.a82d01c754100c250fd91aa01c30d731.jpg</filename>
	<path>1645550055944_jpg.rf.a82d01c754100c250fd91aa01c30d731.jpg</path>
	<source>
		<database>roboflow.ai</database>
	</source>
	<size>
		<width>416</width>
		<height>416</height>
		<depth>3</depth>
	</size>
	<segmented>0</segmented>
	<object>
		<name>Powdery Mildew</name>
		<pose>Unspecified</pose>
		<truncated>0</truncated>
		<difficult>0</difficult>
		<occluded>0</occluded>
		<bndbox>
			<xmin>321</xmin>
			<xmax>378</xmax>
			<ymin>78</ymin>
			<ymax>110</ymax>
		</bndbox>
	</object>
</annotation>
