<annotation>
	<folder></folder>
	<filename>1645550057930_jpg.rf.c3f2211991d4a27bba478aa3b0a34f2f.jpg</filename>
	<path>1645550057930_jpg.rf.c3f2211991d4a27bba478aa3b0a34f2f.jpg</path>
	<source>
		<database>roboflow.ai</database>
	</source>
	<size>
		<width>416</width>
		<height>416</height>
		<depth>3</depth>
	</size>
	<segmented>0</segmented>
	<object>
		<name>Downy Mildew</name>
		<pose>Unspecified</pose>
		<truncated>0</truncated>
		<difficult>0</difficult>
		<occluded>0</occluded>
		<bndbox>
			<xmin>179</xmin>
			<xmax>210</xmax>
			<ymin>280</ymin>
			<ymax>298</ymax>
		</bndbox>
	</object>
	<object>
		<name>Downy Mildew</name>
		<pose>Unspecified</pose>
		<truncated>0</truncated>
		<difficult>0</difficult>
		<occluded>0</occluded>
		<bndbox>
			<xmin>152</xmin>
			<xmax>274</xmax>
			<ymin>302</ymin>
			<ymax>378</ymax>
		</bndbox>
	</object>
</annotation>
