<annotation>
	<folder></folder>
	<filename>1645550056085_jpg.rf.b080f28ece9cf67525bd80ba9417a370.jpg</filename>
	<path>1645550056085_jpg.rf.b080f28ece9cf67525bd80ba9417a370.jpg</path>
	<source>
		<database>roboflow.ai</database>
	</source>
	<size>
		<width>416</width>
		<height>416</height>
		<depth>3</depth>
	</size>
	<segmented>0</segmented>
	<object>
		<name>Powdery Mildew</name>
		<pose>Unspecified</pose>
		<truncated>0</truncated>
		<difficult>0</difficult>
		<occluded>0</occluded>
		<bndbox>
			<xmin>1</xmin>
			<xmax>416</xmax>
			<ymin>110</ymin>
			<ymax>360</ymax>
		</bndbox>
	</object>
</annotation>
