<annotation>
	<folder></folder>
	<filename>1645550056065_jpg.rf.80222823d606035cca3883cbb2994d80.jpg</filename>
	<path>1645550056065_jpg.rf.80222823d606035cca3883cbb2994d80.jpg</path>
	<source>
		<database>roboflow.ai</database>
	</source>
	<size>
		<width>416</width>
		<height>416</height>
		<depth>3</depth>
	</size>
	<segmented>0</segmented>
	<object>
		<name>Powdery Mildew</name>
		<pose>Unspecified</pose>
		<truncated>0</truncated>
		<difficult>0</difficult>
		<occluded>0</occluded>
		<bndbox>
			<xmin>17</xmin>
			<xmax>252</xmax>
			<ymin>50</ymin>
			<ymax>219</ymax>
		</bndbox>
	</object>
	<object>
		<name>Powdery Mildew</name>
		<pose>Unspecified</pose>
		<truncated>0</truncated>
		<difficult>0</difficult>
		<occluded>0</occluded>
		<bndbox>
			<xmin>189</xmin>
			<xmax>391</xmax>
			<ymin>201</ymin>
			<ymax>341</ymax>
		</bndbox>
	</object>
</annotation>
