<annotation>
	<folder></folder>
	<filename>1645550055970_jpg.rf.e9b03250a7a39ea6ee82eaba10a81efd.jpg</filename>
	<path>1645550055970_jpg.rf.e9b03250a7a39ea6ee82eaba10a81efd.jpg</path>
	<source>
		<database>roboflow.ai</database>
	</source>
	<size>
		<width>416</width>
		<height>416</height>
		<depth>3</depth>
	</size>
	<segmented>0</segmented>
	<object>
		<name>Powdery Mildew</name>
		<pose>Unspecified</pose>
		<truncated>0</truncated>
		<difficult>0</difficult>
		<occluded>0</occluded>
		<bndbox>
			<xmin>104</xmin>
			<xmax>377</xmax>
			<ymin>140</ymin>
			<ymax>368</ymax>
		</bndbox>
	</object>
</annotation>
