<annotation>
	<folder></folder>
	<filename>1645550056009_jpg.rf.bed823c6f4d8875491133e386dc7e149.jpg</filename>
	<path>1645550056009_jpg.rf.bed823c6f4d8875491133e386dc7e149.jpg</path>
	<source>
		<database>roboflow.ai</database>
	</source>
	<size>
		<width>416</width>
		<height>416</height>
		<depth>3</depth>
	</size>
	<segmented>0</segmented>
	<object>
		<name>Powdery Mildew</name>
		<pose>Unspecified</pose>
		<truncated>0</truncated>
		<difficult>0</difficult>
		<occluded>0</occluded>
		<bndbox>
			<xmin>1</xmin>
			<xmax>248</xmax>
			<ymin>76</ymin>
			<ymax>159</ymax>
		</bndbox>
	</object>
	<object>
		<name>Powdery Mildew</name>
		<pose>Unspecified</pose>
		<truncated>0</truncated>
		<difficult>0</difficult>
		<occluded>0</occluded>
		<bndbox>
			<xmin>74</xmin>
			<xmax>416</xmax>
			<ymin>111</ymin>
			<ymax>291</ymax>
		</bndbox>
	</object>
</annotation>
