<annotation>
	<folder></folder>
	<filename>1645550055940_jpg.rf.5a333abf6a31a350446d68ee067ec97a.jpg</filename>
	<path>1645550055940_jpg.rf.5a333abf6a31a350446d68ee067ec97a.jpg</path>
	<source>
		<database>roboflow.ai</database>
	</source>
	<size>
		<width>416</width>
		<height>416</height>
		<depth>3</depth>
	</size>
	<segmented>0</segmented>
	<object>
		<name>Powdery Mildew</name>
		<pose>Unspecified</pose>
		<truncated>0</truncated>
		<difficult>0</difficult>
		<occluded>0</occluded>
		<bndbox>
			<xmin>1</xmin>
			<xmax>222</xmax>
			<ymin>85</ymin>
			<ymax>380</ymax>
		</bndbox>
	</object>
</annotation>
