<annotation>
	<folder></folder>
	<filename>1645550056196_jpg.rf.ee4707cfcd65476b792573e411d4c5ae.jpg</filename>
	<path>1645550056196_jpg.rf.ee4707cfcd65476b792573e411d4c5ae.jpg</path>
	<source>
		<database>roboflow.ai</database>
	</source>
	<size>
		<width>416</width>
		<height>416</height>
		<depth>3</depth>
	</size>
	<segmented>0</segmented>
	<object>
		<name>Powdery Mildew</name>
		<pose>Unspecified</pose>
		<truncated>0</truncated>
		<difficult>0</difficult>
		<occluded>0</occluded>
		<bndbox>
			<xmin>116</xmin>
			<xmax>378</xmax>
			<ymin>181</ymin>
			<ymax>370</ymax>
		</bndbox>
	</object>
	<object>
		<name>Powdery Mildew</name>
		<pose>Unspecified</pose>
		<truncated>0</truncated>
		<difficult>0</difficult>
		<occluded>0</occluded>
		<bndbox>
			<xmin>350</xmin>
			<xmax>410</xmax>
			<ymin>310</ymin>
			<ymax>416</ymax>
		</bndbox>
	</object>
</annotation>
