<annotation>
	<folder></folder>
	<filename>1645550057935_jpg.rf.d7dadfeff0a44a804d9832ee8fef7d63.jpg</filename>
	<path>1645550057935_jpg.rf.d7dadfeff0a44a804d9832ee8fef7d63.jpg</path>
	<source>
		<database>roboflow.ai</database>
	</source>
	<size>
		<width>416</width>
		<height>416</height>
		<depth>3</depth>
	</size>
	<segmented>0</segmented>
	<object>
		<name>Downy Mildew</name>
		<pose>Unspecified</pose>
		<truncated>0</truncated>
		<difficult>0</difficult>
		<occluded>0</occluded>
		<bndbox>
			<xmin>101</xmin>
			<xmax>251</xmax>
			<ymin>228</ymin>
			<ymax>387</ymax>
		</bndbox>
	</object>
</annotation>
