<annotation>
	<folder></folder>
	<filename>1645550056835_jpg.rf.f0017197f5103e8670972a1912901313.jpg</filename>
	<path>1645550056835_jpg.rf.f0017197f5103e8670972a1912901313.jpg</path>
	<source>
		<database>roboflow.ai</database>
	</source>
	<size>
		<width>416</width>
		<height>416</height>
		<depth>3</depth>
	</size>
	<segmented>0</segmented>
	<object>
		<name>Powdery Mildew</name>
		<pose>Unspecified</pose>
		<truncated>0</truncated>
		<difficult>0</difficult>
		<occluded>0</occluded>
		<bndbox>
			<xmin>1</xmin>
			<xmax>256</xmax>
			<ymin>173</ymin>
			<ymax>358</ymax>
		</bndbox>
	</object>
	<object>
		<name>Downy Mildew</name>
		<pose>Unspecified</pose>
		<truncated>0</truncated>
		<difficult>0</difficult>
		<occluded>0</occluded>
		<bndbox>
			<xmin>86</xmin>
			<xmax>138</xmax>
			<ymin>336</ymin>
			<ymax>371</ymax>
		</bndbox>
	</object>
</annotation>
