<annotation>
	<folder></folder>
	<filename>1645550056120_jpg.rf.831161292bb06567d1f75f280af47bda.jpg</filename>
	<path>1645550056120_jpg.rf.831161292bb06567d1f75f280af47bda.jpg</path>
	<source>
		<database>roboflow.ai</database>
	</source>
	<size>
		<width>416</width>
		<height>416</height>
		<depth>3</depth>
	</size>
	<segmented>0</segmented>
	<object>
		<name>Powdery Mildew</name>
		<pose>Unspecified</pose>
		<truncated>0</truncated>
		<difficult>0</difficult>
		<occluded>0</occluded>
		<bndbox>
			<xmin>1</xmin>
			<xmax>382</xmax>
			<ymin>53</ymin>
			<ymax>372</ymax>
		</bndbox>
	</object>
</annotation>
