<annotation>
	<folder></folder>
	<filename>1645550055985_jpg.rf.411bfbd5bed60bd28ccb87d8325235b5.jpg</filename>
	<path>1645550055985_jpg.rf.411bfbd5bed60bd28ccb87d8325235b5.jpg</path>
	<source>
		<database>roboflow.ai</database>
	</source>
	<size>
		<width>416</width>
		<height>416</height>
		<depth>3</depth>
	</size>
	<segmented>0</segmented>
	<object>
		<name>Powdery Mildew</name>
		<pose>Unspecified</pose>
		<truncated>0</truncated>
		<difficult>0</difficult>
		<occluded>0</occluded>
		<bndbox>
			<xmin>27</xmin>
			<xmax>317</xmax>
			<ymin>146</ymin>
			<ymax>371</ymax>
		</bndbox>
	</object>
	<object>
		<name>Powdery Mildew</name>
		<pose>Unspecified</pose>
		<truncated>0</truncated>
		<difficult>0</difficult>
		<occluded>0</occluded>
		<bndbox>
			<xmin>177</xmin>
			<xmax>417</xmax>
			<ymin>1</ymin>
			<ymax>143</ymax>
		</bndbox>
	</object>
</annotation>
