<annotation>
	<folder></folder>
	<filename>1645550056791_jpg.rf.e405b77d75d6aa1628e7216ea2b8fde3.jpg</filename>
	<path>1645550056791_jpg.rf.e405b77d75d6aa1628e7216ea2b8fde3.jpg</path>
	<source>
		<database>roboflow.ai</database>
	</source>
	<size>
		<width>416</width>
		<height>416</height>
		<depth>3</depth>
	</size>
	<segmented>0</segmented>
	<object>
		<name>Powdery Mildew</name>
		<pose>Unspecified</pose>
		<truncated>0</truncated>
		<difficult>0</difficult>
		<occluded>0</occluded>
		<bndbox>
			<xmin>71</xmin>
			<xmax>295</xmax>
			<ymin>161</ymin>
			<ymax>246</ymax>
		</bndbox>
	</object>
	<object>
		<name>Downy Mildew</name>
		<pose>Unspecified</pose>
		<truncated>0</truncated>
		<difficult>0</difficult>
		<occluded>0</occluded>
		<bndbox>
			<xmin>46</xmin>
			<xmax>102</xmax>
			<ymin>264</ymin>
			<ymax>309</ymax>
		</bndbox>
	</object>
</annotation>
