<annotation>
	<folder></folder>
	<filename>1645550056695_jpg.rf.a7e67a25adf766496da20a22e0440cba.jpg</filename>
	<path>1645550056695_jpg.rf.a7e67a25adf766496da20a22e0440cba.jpg</path>
	<source>
		<database>roboflow.ai</database>
	</source>
	<size>
		<width>416</width>
		<height>416</height>
		<depth>3</depth>
	</size>
	<segmented>0</segmented>
	<object>
		<name>Downy Mildew</name>
		<pose>Unspecified</pose>
		<truncated>0</truncated>
		<difficult>0</difficult>
		<occluded>0</occluded>
		<bndbox>
			<xmin>95</xmin>
			<xmax>324</xmax>
			<ymin>121</ymin>
			<ymax>377</ymax>
		</bndbox>
	</object>
</annotation>
