<annotation>
	<folder></folder>
	<filename>1645550056811_jpg.rf.78e6166d9126599ddddf275bd5272835.jpg</filename>
	<path>1645550056811_jpg.rf.78e6166d9126599ddddf275bd5272835.jpg</path>
	<source>
		<database>roboflow.ai</database>
	</source>
	<size>
		<width>416</width>
		<height>416</height>
		<depth>3</depth>
	</size>
	<segmented>0</segmented>
	<object>
		<name>Powdery Mildew</name>
		<pose>Unspecified</pose>
		<truncated>0</truncated>
		<difficult>0</difficult>
		<occluded>0</occluded>
		<bndbox>
			<xmin>20</xmin>
			<xmax>386</xmax>
			<ymin>189</ymin>
			<ymax>417</ymax>
		</bndbox>
	</object>
	<object>
		<name>Downy Mildew</name>
		<pose>Unspecified</pose>
		<truncated>0</truncated>
		<difficult>0</difficult>
		<occluded>0</occluded>
		<bndbox>
			<xmin>71</xmin>
			<xmax>159</xmax>
			<ymin>344</ymin>
			<ymax>380</ymax>
		</bndbox>
	</object>
	<object>
		<name>Downy Mildew</name>
		<pose>Unspecified</pose>
		<truncated>0</truncated>
		<difficult>0</difficult>
		<occluded>0</occluded>
		<bndbox>
			<xmin>148</xmin>
			<xmax>187</xmax>
			<ymin>36</ymin>
			<ymax>83</ymax>
		</bndbox>
	</object>
</annotation>
