<annotation>
	<folder></folder>
	<filename>1645550057150_jpg.rf.2282bd9a10d0428be5113996059ddbb6.jpg</filename>
	<path>1645550057150_jpg.rf.2282bd9a10d0428be5113996059ddbb6.jpg</path>
	<source>
		<database>roboflow.ai</database>
	</source>
	<size>
		<width>416</width>
		<height>416</height>
		<depth>3</depth>
	</size>
	<segmented>0</segmented>
	<object>
		<name>Downy Mildew</name>
		<pose>Unspecified</pose>
		<truncated>0</truncated>
		<difficult>0</difficult>
		<occluded>0</occluded>
		<bndbox>
			<xmin>145</xmin>
			<xmax>286</xmax>
			<ymin>143</ymin>
			<ymax>279</ymax>
		</bndbox>
	</object>
</annotation>
