<annotation>
	<folder></folder>
	<filename>1645550057806_jpg.rf.dcb93ee9870e9ae9db9f7809df884a5b.jpg</filename>
	<path>1645550057806_jpg.rf.dcb93ee9870e9ae9db9f7809df884a5b.jpg</path>
	<source>
		<database>roboflow.ai</database>
	</source>
	<size>
		<width>416</width>
		<height>416</height>
		<depth>3</depth>
	</size>
	<segmented>0</segmented>
	<object>
		<name>Powdery Mildew</name>
		<pose>Unspecified</pose>
		<truncated>0</truncated>
		<difficult>0</difficult>
		<occluded>0</occluded>
		<bndbox>
			<xmin>92</xmin>
			<xmax>312</xmax>
			<ymin>114</ymin>
			<ymax>263</ymax>
		</bndbox>
	</object>
	<object>
		<name>Downy Mildew</name>
		<pose>Unspecified</pose>
		<truncated>0</truncated>
		<difficult>0</difficult>
		<occluded>0</occluded>
		<bndbox>
			<xmin>156</xmin>
			<xmax>170</xmax>
			<ymin>268</ymin>
			<ymax>279</ymax>
		</bndbox>
	</object>
	<object>
		<name>Powdery Mildew</name>
		<pose>Unspecified</pose>
		<truncated>0</truncated>
		<difficult>0</difficult>
		<occluded>0</occluded>
		<bndbox>
			<xmin>118</xmin>
			<xmax>308</xmax>
			<ymin>265</ymin>
			<ymax>381</ymax>
		</bndbox>
	</object>
</annotation>
