<annotation>
	<folder></folder>
	<filename>1645550056115_jpg.rf.8ba8c495a5df5c7c64fe932284dd5276.jpg</filename>
	<path>1645550056115_jpg.rf.8ba8c495a5df5c7c64fe932284dd5276.jpg</path>
	<source>
		<database>roboflow.ai</database>
	</source>
	<size>
		<width>416</width>
		<height>416</height>
		<depth>3</depth>
	</size>
	<segmented>0</segmented>
	<object>
		<name>Powdery Mildew</name>
		<pose>Unspecified</pose>
		<truncated>0</truncated>
		<difficult>0</difficult>
		<occluded>0</occluded>
		<bndbox>
			<xmin>1</xmin>
			<xmax>219</xmax>
			<ymin>3</ymin>
			<ymax>208</ymax>
		</bndbox>
	</object>
	<object>
		<name>Powdery Mildew</name>
		<pose>Unspecified</pose>
		<truncated>0</truncated>
		<difficult>0</difficult>
		<occluded>0</occluded>
		<bndbox>
			<xmin>32</xmin>
			<xmax>330</xmax>
			<ymin>219</ymin>
			<ymax>416</ymax>
		</bndbox>
	</object>
	<object>
		<name>Powdery Mildew</name>
		<pose>Unspecified</pose>
		<truncated>0</truncated>
		<difficult>0</difficult>
		<occluded>0</occluded>
		<bndbox>
			<xmin>348</xmin>
			<xmax>400</xmax>
			<ymin>314</ymin>
			<ymax>400</ymax>
		</bndbox>
	</object>
</annotation>
