<annotation>
	<folder></folder>
	<filename>1645550056110_jpg.rf.2cd8d855ccbc3e61b39defcb8660f7cd.jpg</filename>
	<path>1645550056110_jpg.rf.2cd8d855ccbc3e61b39defcb8660f7cd.jpg</path>
	<source>
		<database>roboflow.ai</database>
	</source>
	<size>
		<width>416</width>
		<height>416</height>
		<depth>3</depth>
	</size>
	<segmented>0</segmented>
	<object>
		<name>Powdery Mildew</name>
		<pose>Unspecified</pose>
		<truncated>0</truncated>
		<difficult>0</difficult>
		<occluded>0</occluded>
		<bndbox>
			<xmin>1</xmin>
			<xmax>380</xmax>
			<ymin>94</ymin>
			<ymax>334</ymax>
		</bndbox>
	</object>
</annotation>
