<annotation>
	<folder></folder>
	<filename>1645550055990_jpg.rf.abf32fe07022ac9be70dbcdb91a3e726.jpg</filename>
	<path>1645550055990_jpg.rf.abf32fe07022ac9be70dbcdb91a3e726.jpg</path>
	<source>
		<database>roboflow.ai</database>
	</source>
	<size>
		<width>416</width>
		<height>416</height>
		<depth>3</depth>
	</size>
	<segmented>0</segmented>
	<object>
		<name>Powdery Mildew</name>
		<pose>Unspecified</pose>
		<truncated>0</truncated>
		<difficult>0</difficult>
		<occluded>0</occluded>
		<bndbox>
			<xmin>77</xmin>
			<xmax>332</xmax>
			<ymin>165</ymin>
			<ymax>361</ymax>
		</bndbox>
	</object>
	<object>
		<name>Powdery Mildew</name>
		<pose>Unspecified</pose>
		<truncated>0</truncated>
		<difficult>0</difficult>
		<occluded>0</occluded>
		<bndbox>
			<xmin>1</xmin>
			<xmax>83</xmax>
			<ymin>313</ymin>
			<ymax>416</ymax>
		</bndbox>
	</object>
</annotation>
