<annotation>
	<folder></folder>
	<filename>1645550055965_jpg.rf.4f9ea9c22e9b37e9166b1342df9144ed.jpg</filename>
	<path>1645550055965_jpg.rf.4f9ea9c22e9b37e9166b1342df9144ed.jpg</path>
	<source>
		<database>roboflow.ai</database>
	</source>
	<size>
		<width>416</width>
		<height>416</height>
		<depth>3</depth>
	</size>
	<segmented>0</segmented>
	<object>
		<name>Powdery Mildew</name>
		<pose>Unspecified</pose>
		<truncated>0</truncated>
		<difficult>0</difficult>
		<occluded>0</occluded>
		<bndbox>
			<xmin>11</xmin>
			<xmax>279</xmax>
			<ymin>177</ymin>
			<ymax>398</ymax>
		</bndbox>
	</object>
	<object>
		<name>Powdery Mildew</name>
		<pose>Unspecified</pose>
		<truncated>0</truncated>
		<difficult>0</difficult>
		<occluded>0</occluded>
		<bndbox>
			<xmin>128</xmin>
			<xmax>416</xmax>
			<ymin>46</ymin>
			<ymax>147</ymax>
		</bndbox>
	</object>
</annotation>
