<annotation>
	<folder></folder>
	<filename>1645550055924_jpg.rf.7fa2d6a31518f00d48df1daa17d0ad69.jpg</filename>
	<path>1645550055924_jpg.rf.7fa2d6a31518f00d48df1daa17d0ad69.jpg</path>
	<source>
		<database>roboflow.ai</database>
	</source>
	<size>
		<width>416</width>
		<height>416</height>
		<depth>3</depth>
	</size>
	<segmented>0</segmented>
	<object>
		<name>Powdery Mildew</name>
		<pose>Unspecified</pose>
		<truncated>0</truncated>
		<difficult>0</difficult>
		<occluded>0</occluded>
		<bndbox>
			<xmin>66</xmin>
			<xmax>407</xmax>
			<ymin>56</ymin>
			<ymax>274</ymax>
		</bndbox>
	</object>
</annotation>
