<annotation>
	<folder></folder>
	<filename>1645550056365_jpg.rf.805821e474600f09fa3afd61d59e4cef.jpg</filename>
	<path>1645550056365_jpg.rf.805821e474600f09fa3afd61d59e4cef.jpg</path>
	<source>
		<database>roboflow.ai</database>
	</source>
	<size>
		<width>416</width>
		<height>416</height>
		<depth>3</depth>
	</size>
	<segmented>0</segmented>
	<object>
		<name>Powdery Mildew</name>
		<pose>Unspecified</pose>
		<truncated>0</truncated>
		<difficult>0</difficult>
		<occluded>0</occluded>
		<bndbox>
			<xmin>1</xmin>
			<xmax>348</xmax>
			<ymin>132</ymin>
			<ymax>270</ymax>
		</bndbox>
	</object>
	<object>
		<name>Powdery Mildew</name>
		<pose>Unspecified</pose>
		<truncated>0</truncated>
		<difficult>0</difficult>
		<occluded>0</occluded>
		<bndbox>
			<xmin>284</xmin>
			<xmax>416</xmax>
			<ymin>305</ymin>
			<ymax>378</ymax>
		</bndbox>
	</object>
</annotation>
