<annotation>
	<folder></folder>
	<filename>1645550056080_jpg.rf.6ebb12bd40941c4981c35d99d6d73a83.jpg</filename>
	<path>1645550056080_jpg.rf.6ebb12bd40941c4981c35d99d6d73a83.jpg</path>
	<source>
		<database>roboflow.ai</database>
	</source>
	<size>
		<width>416</width>
		<height>416</height>
		<depth>3</depth>
	</size>
	<segmented>0</segmented>
	<object>
		<name>Powdery Mildew</name>
		<pose>Unspecified</pose>
		<truncated>0</truncated>
		<difficult>0</difficult>
		<occluded>0</occluded>
		<bndbox>
			<xmin>17</xmin>
			<xmax>392</xmax>
			<ymin>128</ymin>
			<ymax>316</ymax>
		</bndbox>
	</object>
</annotation>
