<annotation>
	<folder></folder>
	<filename>1645550057130_jpg.rf.ebf5ba3292ebab4c3d703a42ff7d24b8.jpg</filename>
	<path>1645550057130_jpg.rf.ebf5ba3292ebab4c3d703a42ff7d24b8.jpg</path>
	<source>
		<database>roboflow.ai</database>
	</source>
	<size>
		<width>416</width>
		<height>416</height>
		<depth>3</depth>
	</size>
	<segmented>0</segmented>
	<object>
		<name>Downy Mildew</name>
		<pose>Unspecified</pose>
		<truncated>0</truncated>
		<difficult>0</difficult>
		<occluded>0</occluded>
		<bndbox>
			<xmin>139</xmin>
			<xmax>258</xmax>
			<ymin>215</ymin>
			<ymax>379</ymax>
		</bndbox>
	</object>
	<object>
		<name>Downy Mildew</name>
		<pose>Unspecified</pose>
		<truncated>0</truncated>
		<difficult>0</difficult>
		<occluded>0</occluded>
		<bndbox>
			<xmin>272</xmin>
			<xmax>322</xmax>
			<ymin>264</ymin>
			<ymax>355</ymax>
		</bndbox>
	</object>
</annotation>
