<annotation>
	<folder></folder>
	<filename>1645550058155_jpg.rf.09b743ec1f2847b106bd70611f54ee1b.jpg</filename>
	<path>1645550058155_jpg.rf.09b743ec1f2847b106bd70611f54ee1b.jpg</path>
	<source>
		<database>roboflow.ai</database>
	</source>
	<size>
		<width>416</width>
		<height>416</height>
		<depth>3</depth>
	</size>
	<segmented>0</segmented>
	<object>
		<name>Downy Mildew</name>
		<pose>Unspecified</pose>
		<truncated>0</truncated>
		<difficult>0</difficult>
		<occluded>0</occluded>
		<bndbox>
			<xmin>373</xmin>
			<xmax>408</xmax>
			<ymin>252</ymin>
			<ymax>276</ymax>
		</bndbox>
	</object>
	<object>
		<name>Downy Mildew</name>
		<pose>Unspecified</pose>
		<truncated>0</truncated>
		<difficult>0</difficult>
		<occluded>0</occluded>
		<bndbox>
			<xmin>260</xmin>
			<xmax>317</xmax>
			<ymin>282</ymin>
			<ymax>340</ymax>
		</bndbox>
	</object>
	<object>
		<name>Downy Mildew</name>
		<pose>Unspecified</pose>
		<truncated>0</truncated>
		<difficult>0</difficult>
		<occluded>0</occluded>
		<bndbox>
			<xmin>183</xmin>
			<xmax>207</xmax>
			<ymin>352</ymin>
			<ymax>367</ymax>
		</bndbox>
	</object>
</annotation>
