<annotation>
	<folder></folder>
	<filename>1645550056710_jpg.rf.41cb1f963f34bc1b32421bd28a5707da.jpg</filename>
	<path>1645550056710_jpg.rf.41cb1f963f34bc1b32421bd28a5707da.jpg</path>
	<source>
		<database>roboflow.ai</database>
	</source>
	<size>
		<width>416</width>
		<height>416</height>
		<depth>3</depth>
	</size>
	<segmented>0</segmented>
	<object>
		<name>Powdery Mildew</name>
		<pose>Unspecified</pose>
		<truncated>0</truncated>
		<difficult>0</difficult>
		<occluded>0</occluded>
		<bndbox>
			<xmin>103</xmin>
			<xmax>296</xmax>
			<ymin>191</ymin>
			<ymax>318</ymax>
		</bndbox>
	</object>
</annotation>
