<annotation>
	<folder></folder>
	<filename>1645550056335_jpg.rf.fd06031b4b676b572ab44cea2425808c.jpg</filename>
	<path>1645550056335_jpg.rf.fd06031b4b676b572ab44cea2425808c.jpg</path>
	<source>
		<database>roboflow.ai</database>
	</source>
	<size>
		<width>416</width>
		<height>416</height>
		<depth>3</depth>
	</size>
	<segmented>0</segmented>
	<object>
		<name>Powdery Mildew</name>
		<pose>Unspecified</pose>
		<truncated>0</truncated>
		<difficult>0</difficult>
		<occluded>0</occluded>
		<bndbox>
			<xmin>63</xmin>
			<xmax>389</xmax>
			<ymin>129</ymin>
			<ymax>416</ymax>
		</bndbox>
	</object>
</annotation>
