<annotation>
	<folder></folder>
	<filename>1645550056054_jpg.rf.0fc0f2c3dbcb67b2136edff5bcefc30e.jpg</filename>
	<path>1645550056054_jpg.rf.0fc0f2c3dbcb67b2136edff5bcefc30e.jpg</path>
	<source>
		<database>roboflow.ai</database>
	</source>
	<size>
		<width>416</width>
		<height>416</height>
		<depth>3</depth>
	</size>
	<segmented>0</segmented>
	<object>
		<name>Downy Mildew</name>
		<pose>Unspecified</pose>
		<truncated>0</truncated>
		<difficult>0</difficult>
		<occluded>0</occluded>
		<bndbox>
			<xmin>184</xmin>
			<xmax>341</xmax>
			<ymin>196</ymin>
			<ymax>335</ymax>
		</bndbox>
	</object>
</annotation>
