<annotation>
	<folder></folder>
	<filename>1645550056656_jpg.rf.ae141da8eccbd0b01812461c9a30db72.jpg</filename>
	<path>1645550056656_jpg.rf.ae141da8eccbd0b01812461c9a30db72.jpg</path>
	<source>
		<database>roboflow.ai</database>
	</source>
	<size>
		<width>416</width>
		<height>416</height>
		<depth>3</depth>
	</size>
	<segmented>0</segmented>
	<object>
		<name>Powdery Mildew</name>
		<pose>Unspecified</pose>
		<truncated>0</truncated>
		<difficult>0</difficult>
		<occluded>0</occluded>
		<bndbox>
			<xmin>199</xmin>
			<xmax>326</xmax>
			<ymin>149</ymin>
			<ymax>188</ymax>
		</bndbox>
	</object>
	<object>
		<name>Downy Mildew</name>
		<pose>Unspecified</pose>
		<truncated>0</truncated>
		<difficult>0</difficult>
		<occluded>0</occluded>
		<bndbox>
			<xmin>1</xmin>
			<xmax>41</xmax>
			<ymin>152</ymin>
			<ymax>187</ymax>
		</bndbox>
	</object>
	<object>
		<name>Downy Mildew</name>
		<pose>Unspecified</pose>
		<truncated>0</truncated>
		<difficult>0</difficult>
		<occluded>0</occluded>
		<bndbox>
			<xmin>237</xmin>
			<xmax>321</xmax>
			<ymin>231</ymin>
			<ymax>263</ymax>
		</bndbox>
	</object>
</annotation>
