<annotation>
	<folder></folder>
	<filename>1645550057975_jpg.rf.72751c2a391316bc0651bc3f057d14ed.jpg</filename>
	<path>1645550057975_jpg.rf.72751c2a391316bc0651bc3f057d14ed.jpg</path>
	<source>
		<database>roboflow.ai</database>
	</source>
	<size>
		<width>416</width>
		<height>416</height>
		<depth>3</depth>
	</size>
	<segmented>0</segmented>
	<object>
		<name>Downy Mildew</name>
		<pose>Unspecified</pose>
		<truncated>0</truncated>
		<difficult>0</difficult>
		<occluded>0</occluded>
		<bndbox>
			<xmin>111</xmin>
			<xmax>140</xmax>
			<ymin>134</ymin>
			<ymax>154</ymax>
		</bndbox>
	</object>
	<object>
		<name>Downy Mildew</name>
		<pose>Unspecified</pose>
		<truncated>0</truncated>
		<difficult>0</difficult>
		<occluded>0</occluded>
		<bndbox>
			<xmin>230</xmin>
			<xmax>360</xmax>
			<ymin>216</ymin>
			<ymax>288</ymax>
		</bndbox>
	</object>
</annotation>
