<annotation>
	<folder></folder>
	<filename>1645550055904_jpg.rf.7f68d728704f2fdfce948179a865dedf.jpg</filename>
	<path>1645550055904_jpg.rf.7f68d728704f2fdfce948179a865dedf.jpg</path>
	<source>
		<database>roboflow.ai</database>
	</source>
	<size>
		<width>416</width>
		<height>416</height>
		<depth>3</depth>
	</size>
	<segmented>0</segmented>
	<object>
		<name>Powdery Mildew</name>
		<pose>Unspecified</pose>
		<truncated>0</truncated>
		<difficult>0</difficult>
		<occluded>0</occluded>
		<bndbox>
			<xmin>110</xmin>
			<xmax>408</xmax>
			<ymin>159</ymin>
			<ymax>343</ymax>
		</bndbox>
	</object>
</annotation>
