<annotation>
	<folder></folder>
	<filename>1645550056772_jpg.rf.993f74a0c4b029d333a5a265e944d86c.jpg</filename>
	<path>1645550056772_jpg.rf.993f74a0c4b029d333a5a265e944d86c.jpg</path>
	<source>
		<database>roboflow.ai</database>
	</source>
	<size>
		<width>416</width>
		<height>416</height>
		<depth>3</depth>
	</size>
	<segmented>0</segmented>
	<object>
		<name>Powdery Mildew</name>
		<pose>Unspecified</pose>
		<truncated>0</truncated>
		<difficult>0</difficult>
		<occluded>0</occluded>
		<bndbox>
			<xmin>30</xmin>
			<xmax>309</xmax>
			<ymin>214</ymin>
			<ymax>373</ymax>
		</bndbox>
	</object>
</annotation>
