<annotation>
	<folder></folder>
	<filename>1645550058000_jpg.rf.ab7b2ce40a024342680f6d96ebc5b202.jpg</filename>
	<path>1645550058000_jpg.rf.ab7b2ce40a024342680f6d96ebc5b202.jpg</path>
	<source>
		<database>roboflow.ai</database>
	</source>
	<size>
		<width>416</width>
		<height>416</height>
		<depth>3</depth>
	</size>
	<segmented>0</segmented>
	<object>
		<name>Downy Mildew</name>
		<pose>Unspecified</pose>
		<truncated>0</truncated>
		<difficult>0</difficult>
		<occluded>0</occluded>
		<bndbox>
			<xmin>64</xmin>
			<xmax>144</xmax>
			<ymin>181</ymin>
			<ymax>238</ymax>
		</bndbox>
	</object>
	<object>
		<name>Downy Mildew</name>
		<pose>Unspecified</pose>
		<truncated>0</truncated>
		<difficult>0</difficult>
		<occluded>0</occluded>
		<bndbox>
			<xmin>241</xmin>
			<xmax>273</xmax>
			<ymin>221</ymin>
			<ymax>240</ymax>
		</bndbox>
	</object>
	<object>
		<name>Downy Mildew</name>
		<pose>Unspecified</pose>
		<truncated>0</truncated>
		<difficult>0</difficult>
		<occluded>0</occluded>
		<bndbox>
			<xmin>250</xmin>
			<xmax>308</xmax>
			<ymin>250</ymin>
			<ymax>293</ymax>
		</bndbox>
	</object>
</annotation>
