<annotation>
	<folder></folder>
	<filename>1645550056160_jpg.rf.9194c4a39cf3c49f7c82a5b5f27ba4c9.jpg</filename>
	<path>1645550056160_jpg.rf.9194c4a39cf3c49f7c82a5b5f27ba4c9.jpg</path>
	<source>
		<database>roboflow.ai</database>
	</source>
	<size>
		<width>416</width>
		<height>416</height>
		<depth>3</depth>
	</size>
	<segmented>0</segmented>
	<object>
		<name>Powdery Mildew</name>
		<pose>Unspecified</pose>
		<truncated>0</truncated>
		<difficult>0</difficult>
		<occluded>0</occluded>
		<bndbox>
			<xmin>87</xmin>
			<xmax>280</xmax>
			<ymin>181</ymin>
			<ymax>396</ymax>
		</bndbox>
	</object>
	<object>
		<name>Powdery Mildew</name>
		<pose>Unspecified</pose>
		<truncated>0</truncated>
		<difficult>0</difficult>
		<occluded>0</occluded>
		<bndbox>
			<xmin>1</xmin>
			<xmax>100</xmax>
			<ymin>242</ymin>
			<ymax>416</ymax>
		</bndbox>
	</object>
</annotation>
