<annotation>
	<folder></folder>
	<filename>1645550055995_jpg.rf.c8f00d2856fab18e5b09140107389303.jpg</filename>
	<path>1645550055995_jpg.rf.c8f00d2856fab18e5b09140107389303.jpg</path>
	<source>
		<database>roboflow.ai</database>
	</source>
	<size>
		<width>416</width>
		<height>416</height>
		<depth>3</depth>
	</size>
	<segmented>0</segmented>
	<object>
		<name>Powdery Mildew</name>
		<pose>Unspecified</pose>
		<truncated>0</truncated>
		<difficult>0</difficult>
		<occluded>0</occluded>
		<bndbox>
			<xmin>326</xmin>
			<xmax>416</xmax>
			<ymin>145</ymin>
			<ymax>289</ymax>
		</bndbox>
	</object>
	<object>
		<name>Powdery Mildew</name>
		<pose>Unspecified</pose>
		<truncated>0</truncated>
		<difficult>0</difficult>
		<occluded>0</occluded>
		<bndbox>
			<xmin>42</xmin>
			<xmax>295</xmax>
			<ymin>152</ymin>
			<ymax>389</ymax>
		</bndbox>
	</object>
</annotation>
