<annotation>
	<folder></folder>
	<filename>1645550058075_jpg.rf.f03cddc14b3212e924bb70cc2a9fd237.jpg</filename>
	<path>1645550058075_jpg.rf.f03cddc14b3212e924bb70cc2a9fd237.jpg</path>
	<source>
		<database>roboflow.ai</database>
	</source>
	<size>
		<width>416</width>
		<height>416</height>
		<depth>3</depth>
	</size>
	<segmented>0</segmented>
	<object>
		<name>Powdery Mildew</name>
		<pose>Unspecified</pose>
		<truncated>0</truncated>
		<difficult>0</difficult>
		<occluded>0</occluded>
		<bndbox>
			<xmin>22</xmin>
			<xmax>416</xmax>
			<ymin>131</ymin>
			<ymax>408</ymax>
		</bndbox>
	</object>
</annotation>
