<annotation>
	<folder></folder>
	<filename>1645550057861_jpg.rf.2832392c6b956dd71657850521a7e357.jpg</filename>
	<path>1645550057861_jpg.rf.2832392c6b956dd71657850521a7e357.jpg</path>
	<source>
		<database>roboflow.ai</database>
	</source>
	<size>
		<width>416</width>
		<height>416</height>
		<depth>3</depth>
	</size>
	<segmented>0</segmented>
	<object>
		<name>Powdery Mildew</name>
		<pose>Unspecified</pose>
		<truncated>0</truncated>
		<difficult>0</difficult>
		<occluded>0</occluded>
		<bndbox>
			<xmin>71</xmin>
			<xmax>416</xmax>
			<ymin>121</ymin>
			<ymax>343</ymax>
		</bndbox>
	</object>
	<object>
		<name>Downy Mildew</name>
		<pose>Unspecified</pose>
		<truncated>0</truncated>
		<difficult>0</difficult>
		<occluded>0</occluded>
		<bndbox>
			<xmin>29</xmin>
			<xmax>128</xmax>
			<ymin>314</ymin>
			<ymax>403</ymax>
		</bndbox>
	</object>
</annotation>
