<annotation>
	<folder></folder>
	<filename>1645550056090_jpg.rf.710eeaa825121929e1844d9437cf92f5.jpg</filename>
	<path>1645550056090_jpg.rf.710eeaa825121929e1844d9437cf92f5.jpg</path>
	<source>
		<database>roboflow.ai</database>
	</source>
	<size>
		<width>416</width>
		<height>416</height>
		<depth>3</depth>
	</size>
	<segmented>0</segmented>
	<object>
		<name>Powdery Mildew</name>
		<pose>Unspecified</pose>
		<truncated>0</truncated>
		<difficult>0</difficult>
		<occluded>0</occluded>
		<bndbox>
			<xmin>78</xmin>
			<xmax>416</xmax>
			<ymin>118</ymin>
			<ymax>319</ymax>
		</bndbox>
	</object>
</annotation>
