<annotation>
	<folder></folder>
	<filename>1645550056024_jpg.rf.0673173bb237fbe784ce656a549e080f.jpg</filename>
	<path>1645550056024_jpg.rf.0673173bb237fbe784ce656a549e080f.jpg</path>
	<source>
		<database>roboflow.ai</database>
	</source>
	<size>
		<width>416</width>
		<height>416</height>
		<depth>3</depth>
	</size>
	<segmented>0</segmented>
	<object>
		<name>Powdery Mildew</name>
		<pose>Unspecified</pose>
		<truncated>0</truncated>
		<difficult>0</difficult>
		<occluded>0</occluded>
		<bndbox>
			<xmin>38</xmin>
			<xmax>396</xmax>
			<ymin>114</ymin>
			<ymax>313</ymax>
		</bndbox>
	</object>
</annotation>
