<annotation>
	<folder></folder>
	<filename>1645550056730_jpg.rf.c9190a99d820ab4bb78a37884e58b1fa.jpg</filename>
	<path>1645550056730_jpg.rf.c9190a99d820ab4bb78a37884e58b1fa.jpg</path>
	<source>
		<database>roboflow.ai</database>
	</source>
	<size>
		<width>416</width>
		<height>416</height>
		<depth>3</depth>
	</size>
	<segmented>0</segmented>
	<object>
		<name>Downy Mildew</name>
		<pose>Unspecified</pose>
		<truncated>0</truncated>
		<difficult>0</difficult>
		<occluded>0</occluded>
		<bndbox>
			<xmin>79</xmin>
			<xmax>215</xmax>
			<ymin>176</ymin>
			<ymax>268</ymax>
		</bndbox>
	</object>
	<object>
		<name>Downy Mildew</name>
		<pose>Unspecified</pose>
		<truncated>0</truncated>
		<difficult>0</difficult>
		<occluded>0</occluded>
		<bndbox>
			<xmin>320</xmin>
			<xmax>416</xmax>
			<ymin>197</ymin>
			<ymax>324</ymax>
		</bndbox>
	</object>
</annotation>
