<annotation>
	<folder></folder>
	<filename>1645550056977_jpg.rf.837ad4b61574c389088d35645176054d.jpg</filename>
	<path>1645550056977_jpg.rf.837ad4b61574c389088d35645176054d.jpg</path>
	<source>
		<database>roboflow.ai</database>
	</source>
	<size>
		<width>416</width>
		<height>416</height>
		<depth>3</depth>
	</size>
	<segmented>0</segmented>
	<object>
		<name>Downy Mildew</name>
		<pose>Unspecified</pose>
		<truncated>0</truncated>
		<difficult>0</difficult>
		<occluded>0</occluded>
		<bndbox>
			<xmin>50</xmin>
			<xmax>342</xmax>
			<ymin>152</ymin>
			<ymax>368</ymax>
		</bndbox>
	</object>
</annotation>
