<annotation>
	<folder></folder>
	<filename>IMG_20220222_092629_jpg.rf.f7fa108346d4ad3042d4530fc7a943af.jpg</filename>
	<path>IMG_20220222_092629_jpg.rf.f7fa108346d4ad3042d4530fc7a943af.jpg</path>
	<source>
		<database>roboflow.ai</database>
	</source>
	<size>
		<width>416</width>
		<height>416</height>
		<depth>3</depth>
	</size>
	<segmented>0</segmented>
	<object>
		<name>Downy Mildew</name>
		<pose>Unspecified</pose>
		<truncated>0</truncated>
		<difficult>0</difficult>
		<occluded>0</occluded>
		<bndbox>
			<xmin>82</xmin>
			<xmax>417</xmax>
			<ymin>124</ymin>
			<ymax>356</ymax>
		</bndbox>
	</object>
</annotation>
