<annotation>
	<folder></folder>
	<filename>IMG_20220222_092716_jpg.rf.ddac7263b10a53ec8b8114904df4afe5.jpg</filename>
	<path>IMG_20220222_092716_jpg.rf.ddac7263b10a53ec8b8114904df4afe5.jpg</path>
	<source>
		<database>roboflow.ai</database>
	</source>
	<size>
		<width>416</width>
		<height>416</height>
		<depth>3</depth>
	</size>
	<segmented>0</segmented>
	<object>
		<name>Downy Mildew</name>
		<pose>Unspecified</pose>
		<truncated>0</truncated>
		<difficult>0</difficult>
		<occluded>0</occluded>
		<bndbox>
			<xmin>322</xmin>
			<xmax>369</xmax>
			<ymin>169</ymin>
			<ymax>197</ymax>
		</bndbox>
	</object>
	<object>
		<name>Downy Mildew</name>
		<pose>Unspecified</pose>
		<truncated>0</truncated>
		<difficult>0</difficult>
		<occluded>0</occluded>
		<bndbox>
			<xmin>1</xmin>
			<xmax>416</xmax>
			<ymin>200</ymin>
			<ymax>393</ymax>
		</bndbox>
	</object>
</annotation>
