<annotation>
	<folder></folder>
	<filename>IMG_20220222_103224_jpg.rf.02084994dae4fd0ffd3fe3357d70646e.jpg</filename>
	<path>IMG_20220222_103224_jpg.rf.02084994dae4fd0ffd3fe3357d70646e.jpg</path>
	<source>
		<database>roboflow.ai</database>
	</source>
	<size>
		<width>416</width>
		<height>416</height>
		<depth>3</depth>
	</size>
	<segmented>0</segmented>
	<object>
		<name>Powdery Mildew</name>
		<pose>Unspecified</pose>
		<truncated>0</truncated>
		<difficult>0</difficult>
		<occluded>0</occluded>
		<bndbox>
			<xmin>44</xmin>
			<xmax>341</xmax>
			<ymin>107</ymin>
			<ymax>378</ymax>
		</bndbox>
	</object>
</annotation>
