<annotation>
	<folder></folder>
	<filename>IMG_20220222_091809_jpg.rf.ab86b1565df7eba9c281a0ff4ebfb1e1.jpg</filename>
	<path>IMG_20220222_091809_jpg.rf.ab86b1565df7eba9c281a0ff4ebfb1e1.jpg</path>
	<source>
		<database>roboflow.ai</database>
	</source>
	<size>
		<width>416</width>
		<height>416</height>
		<depth>3</depth>
	</size>
	<segmented>0</segmented>
	<object>
		<name>Downy Mildew</name>
		<pose>Unspecified</pose>
		<truncated>0</truncated>
		<difficult>0</difficult>
		<occluded>0</occluded>
		<bndbox>
			<xmin>51</xmin>
			<xmax>235</xmax>
			<ymin>53</ymin>
			<ymax>203</ymax>
		</bndbox>
	</object>
	<object>
		<name>Downy Mildew</name>
		<pose>Unspecified</pose>
		<truncated>0</truncated>
		<difficult>0</difficult>
		<occluded>0</occluded>
		<bndbox>
			<xmin>126</xmin>
			<xmax>180</xmax>
			<ymin>236</ymin>
			<ymax>277</ymax>
		</bndbox>
	</object>
	<object>
		<name>Downy Mildew</name>
		<pose>Unspecified</pose>
		<truncated>0</truncated>
		<difficult>0</difficult>
		<occluded>0</occluded>
		<bndbox>
			<xmin>368</xmin>
			<xmax>396</xmax>
			<ymin>309</ymin>
			<ymax>329</ymax>
		</bndbox>
	</object>
</annotation>
