<annotation>
	<folder></folder>
	<filename>IMG_20220222_102537_jpg.rf.00b8fc02090b96a2021d29cd1429ec85.jpg</filename>
	<path>IMG_20220222_102537_jpg.rf.00b8fc02090b96a2021d29cd1429ec85.jpg</path>
	<source>
		<database>roboflow.ai</database>
	</source>
	<size>
		<width>416</width>
		<height>416</height>
		<depth>3</depth>
	</size>
	<segmented>0</segmented>
	<object>
		<name>Downy Mildew</name>
		<pose>Unspecified</pose>
		<truncated>0</truncated>
		<difficult>0</difficult>
		<occluded>0</occluded>
		<bndbox>
			<xmin>1</xmin>
			<xmax>49</xmax>
			<ymin>139</ymin>
			<ymax>193</ymax>
		</bndbox>
	</object>
	<object>
		<name>Downy Mildew</name>
		<pose>Unspecified</pose>
		<truncated>0</truncated>
		<difficult>0</difficult>
		<occluded>0</occluded>
		<bndbox>
			<xmin>220</xmin>
			<xmax>276</xmax>
			<ymin>8</ymin>
			<ymax>37</ymax>
		</bndbox>
	</object>
	<object>
		<name>Powdery Mildew</name>
		<pose>Unspecified</pose>
		<truncated>0</truncated>
		<difficult>0</difficult>
		<occluded>0</occluded>
		<bndbox>
			<xmin>1</xmin>
			<xmax>398</xmax>
			<ymin>42</ymin>
			<ymax>383</ymax>
		</bndbox>
	</object>
	<object>
		<name>Downy Mildew</name>
		<pose>Unspecified</pose>
		<truncated>0</truncated>
		<difficult>0</difficult>
		<occluded>0</occluded>
		<bndbox>
			<xmin>288</xmin>
			<xmax>372</xmax>
			<ymin>225</ymin>
			<ymax>310</ymax>
		</bndbox>
	</object>
</annotation>
