<annotation>
	<folder></folder>
	<filename>IMG_20220222_103318_jpg.rf.57647a0b0082008ef8c857a04622da51.jpg</filename>
	<path>IMG_20220222_103318_jpg.rf.57647a0b0082008ef8c857a04622da51.jpg</path>
	<source>
		<database>roboflow.ai</database>
	</source>
	<size>
		<width>416</width>
		<height>416</height>
		<depth>3</depth>
	</size>
	<segmented>0</segmented>
	<object>
		<name>Powdery Mildew</name>
		<pose>Unspecified</pose>
		<truncated>0</truncated>
		<difficult>0</difficult>
		<occluded>0</occluded>
		<bndbox>
			<xmin>42</xmin>
			<xmax>308</xmax>
			<ymin>144</ymin>
			<ymax>288</ymax>
		</bndbox>
	</object>
	<object>
		<name>Downy Mildew</name>
		<pose>Unspecified</pose>
		<truncated>0</truncated>
		<difficult>0</difficult>
		<occluded>0</occluded>
		<bndbox>
			<xmin>180</xmin>
			<xmax>206</xmax>
			<ymin>208</ymin>
			<ymax>268</ymax>
		</bndbox>
	</object>
</annotation>
