<annotation>
	<folder></folder>
	<filename>IMG_20220222_093518_jpg.rf.57660515f9a00db5c2379699f50f1ef7.jpg</filename>
	<path>IMG_20220222_093518_jpg.rf.57660515f9a00db5c2379699f50f1ef7.jpg</path>
	<source>
		<database>roboflow.ai</database>
	</source>
	<size>
		<width>416</width>
		<height>416</height>
		<depth>3</depth>
	</size>
	<segmented>0</segmented>
	<object>
		<name>Downy Mildew</name>
		<pose>Unspecified</pose>
		<truncated>0</truncated>
		<difficult>0</difficult>
		<occluded>0</occluded>
		<bndbox>
			<xmin>152</xmin>
			<xmax>417</xmax>
			<ymin>21</ymin>
			<ymax>298</ymax>
		</bndbox>
	</object>
</annotation>
