<annotation>
	<folder></folder>
	<filename>IMG_20220222_102816_jpg.rf.f6fff21012e816a09040b6712232ccd2.jpg</filename>
	<path>IMG_20220222_102816_jpg.rf.f6fff21012e816a09040b6712232ccd2.jpg</path>
	<source>
		<database>roboflow.ai</database>
	</source>
	<size>
		<width>416</width>
		<height>416</height>
		<depth>3</depth>
	</size>
	<segmented>0</segmented>
	<object>
		<name>Powdery Mildew</name>
		<pose>Unspecified</pose>
		<truncated>0</truncated>
		<difficult>0</difficult>
		<occluded>0</occluded>
		<bndbox>
			<xmin>78</xmin>
			<xmax>377</xmax>
			<ymin>66</ymin>
			<ymax>339</ymax>
		</bndbox>
	</object>
</annotation>
