<annotation>
	<folder></folder>
	<filename>IMG_20220222_093744_jpg.rf.8e2b27cd407031ee4fa32ea64df961e6.jpg</filename>
	<path>IMG_20220222_093744_jpg.rf.8e2b27cd407031ee4fa32ea64df961e6.jpg</path>
	<source>
		<database>roboflow.ai</database>
	</source>
	<size>
		<width>416</width>
		<height>416</height>
		<depth>3</depth>
	</size>
	<segmented>0</segmented>
	<object>
		<name>Downy Mildew</name>
		<pose>Unspecified</pose>
		<truncated>0</truncated>
		<difficult>0</difficult>
		<occluded>0</occluded>
		<bndbox>
			<xmin>341</xmin>
			<xmax>388</xmax>
			<ymin>117</ymin>
			<ymax>150</ymax>
		</bndbox>
	</object>
	<object>
		<name>Downy Mildew</name>
		<pose>Unspecified</pose>
		<truncated>0</truncated>
		<difficult>0</difficult>
		<occluded>0</occluded>
		<bndbox>
			<xmin>124</xmin>
			<xmax>378</xmax>
			<ymin>161</ymin>
			<ymax>417</ymax>
		</bndbox>
	</object>
</annotation>
