<annotation>
	<folder></folder>
	<filename>IMG_20220222_095119_jpg.rf.fb6dc6eada4b9da308450df1b9b0bf42.jpg</filename>
	<path>IMG_20220222_095119_jpg.rf.fb6dc6eada4b9da308450df1b9b0bf42.jpg</path>
	<source>
		<database>roboflow.ai</database>
	</source>
	<size>
		<width>416</width>
		<height>416</height>
		<depth>3</depth>
	</size>
	<segmented>0</segmented>
	<object>
		<name>Downy Mildew</name>
		<pose>Unspecified</pose>
		<truncated>0</truncated>
		<difficult>0</difficult>
		<occluded>0</occluded>
		<bndbox>
			<xmin>375</xmin>
			<xmax>416</xmax>
			<ymin>212</ymin>
			<ymax>245</ymax>
		</bndbox>
	</object>
	<object>
		<name>Downy Mildew</name>
		<pose>Unspecified</pose>
		<truncated>0</truncated>
		<difficult>0</difficult>
		<occluded>0</occluded>
		<bndbox>
			<xmin>25</xmin>
			<xmax>264</xmax>
			<ymin>185</ymin>
			<ymax>283</ymax>
		</bndbox>
	</object>
</annotation>
