<annotation>
	<folder></folder>
	<filename>IMG_20220222_092812_jpg.rf.ca1da2851b0f2e7d375a6cc91d2cf0e0.jpg</filename>
	<path>IMG_20220222_092812_jpg.rf.ca1da2851b0f2e7d375a6cc91d2cf0e0.jpg</path>
	<source>
		<database>roboflow.ai</database>
	</source>
	<size>
		<width>416</width>
		<height>416</height>
		<depth>3</depth>
	</size>
	<segmented>0</segmented>
	<object>
		<name>Downy Mildew</name>
		<pose>Unspecified</pose>
		<truncated>0</truncated>
		<difficult>0</difficult>
		<occluded>0</occluded>
		<bndbox>
			<xmin>1</xmin>
			<xmax>128</xmax>
			<ymin>124</ymin>
			<ymax>234</ymax>
		</bndbox>
	</object>
	<object>
		<name>Downy Mildew</name>
		<pose>Unspecified</pose>
		<truncated>0</truncated>
		<difficult>0</difficult>
		<occluded>0</occluded>
		<bndbox>
			<xmin>134</xmin>
			<xmax>255</xmax>
			<ymin>209</ymin>
			<ymax>232</ymax>
		</bndbox>
	</object>
	<object>
		<name>Downy Mildew</name>
		<pose>Unspecified</pose>
		<truncated>0</truncated>
		<difficult>0</difficult>
		<occluded>0</occluded>
		<bndbox>
			<xmin>289</xmin>
			<xmax>336</xmax>
			<ymin>269</ymin>
			<ymax>316</ymax>
		</bndbox>
	</object>
</annotation>
