<annotation>
	<folder></folder>
	<filename>IMG_20220222_095818_jpg.rf.a342f2088de0efd95b206667ee5d249d.jpg</filename>
	<path>IMG_20220222_095818_jpg.rf.a342f2088de0efd95b206667ee5d249d.jpg</path>
	<source>
		<database>roboflow.ai</database>
	</source>
	<size>
		<width>416</width>
		<height>416</height>
		<depth>3</depth>
	</size>
	<segmented>0</segmented>
	<object>
		<name>Powdery Mildew</name>
		<pose>Unspecified</pose>
		<truncated>0</truncated>
		<difficult>0</difficult>
		<occluded>0</occluded>
		<bndbox>
			<xmin>76</xmin>
			<xmax>340</xmax>
			<ymin>109</ymin>
			<ymax>359</ymax>
		</bndbox>
	</object>
</annotation>
