<annotation>
	<folder></folder>
	<filename>IMG_20220222_094605_jpg.rf.48a4e8d49b597299cbfa3a487b92c02f.jpg</filename>
	<path>IMG_20220222_094605_jpg.rf.48a4e8d49b597299cbfa3a487b92c02f.jpg</path>
	<source>
		<database>roboflow.ai</database>
	</source>
	<size>
		<width>416</width>
		<height>416</height>
		<depth>3</depth>
	</size>
	<segmented>0</segmented>
	<object>
		<name>Downy Mildew</name>
		<pose>Unspecified</pose>
		<truncated>0</truncated>
		<difficult>0</difficult>
		<occluded>0</occluded>
		<bndbox>
			<xmin>26</xmin>
			<xmax>403</xmax>
			<ymin>140</ymin>
			<ymax>416</ymax>
		</bndbox>
	</object>
</annotation>
