<annotation>
	<folder></folder>
	<filename>IMG_20220222_103310_jpg.rf.80eb1316edeb20d536bc7bd2f0ebf546.jpg</filename>
	<path>IMG_20220222_103310_jpg.rf.80eb1316edeb20d536bc7bd2f0ebf546.jpg</path>
	<source>
		<database>roboflow.ai</database>
	</source>
	<size>
		<width>416</width>
		<height>416</height>
		<depth>3</depth>
	</size>
	<segmented>0</segmented>
	<object>
		<name>Downy Mildew</name>
		<pose>Unspecified</pose>
		<truncated>0</truncated>
		<difficult>0</difficult>
		<occluded>0</occluded>
		<bndbox>
			<xmin>169</xmin>
			<xmax>258</xmax>
			<ymin>150</ymin>
			<ymax>216</ymax>
		</bndbox>
	</object>
	<object>
		<name>Powdery Mildew</name>
		<pose>Unspecified</pose>
		<truncated>0</truncated>
		<difficult>0</difficult>
		<occluded>0</occluded>
		<bndbox>
			<xmin>40</xmin>
			<xmax>272</xmax>
			<ymin>160</ymin>
			<ymax>294</ymax>
		</bndbox>
	</object>
	<object>
		<name>Downy Mildew</name>
		<pose>Unspecified</pose>
		<truncated>0</truncated>
		<difficult>0</difficult>
		<occluded>0</occluded>
		<bndbox>
			<xmin>115</xmin>
			<xmax>191</xmax>
			<ymin>206</ymin>
			<ymax>315</ymax>
		</bndbox>
	</object>
	<object>
		<name>Powdery Mildew</name>
		<pose>Unspecified</pose>
		<truncated>0</truncated>
		<difficult>0</difficult>
		<occluded>0</occluded>
		<bndbox>
			<xmin>179</xmin>
			<xmax>261</xmax>
			<ymin>357</ymin>
			<ymax>416</ymax>
		</bndbox>
	</object>
</annotation>
