<annotation>
	<folder></folder>
	<filename>IMG_20220222_093650_jpg.rf.683e7d369ed0483f76fd9e9cd7463c78.jpg</filename>
	<path>IMG_20220222_093650_jpg.rf.683e7d369ed0483f76fd9e9cd7463c78.jpg</path>
	<source>
		<database>roboflow.ai</database>
	</source>
	<size>
		<width>416</width>
		<height>416</height>
		<depth>3</depth>
	</size>
	<segmented>0</segmented>
	<object>
		<name>Downy Mildew</name>
		<pose>Unspecified</pose>
		<truncated>0</truncated>
		<difficult>0</difficult>
		<occluded>0</occluded>
		<bndbox>
			<xmin>1</xmin>
			<xmax>181</xmax>
			<ymin>184</ymin>
			<ymax>303</ymax>
		</bndbox>
	</object>
	<object>
		<name>Downy Mildew</name>
		<pose>Unspecified</pose>
		<truncated>0</truncated>
		<difficult>0</difficult>
		<occluded>0</occluded>
		<bndbox>
			<xmin>207</xmin>
			<xmax>403</xmax>
			<ymin>139</ymin>
			<ymax>407</ymax>
		</bndbox>
	</object>
</annotation>
