<annotation>
	<folder></folder>
	<filename>IMG_20220222_092847_jpg.rf.09039ed552ed289ba4c58ccab28ca372.jpg</filename>
	<path>IMG_20220222_092847_jpg.rf.09039ed552ed289ba4c58ccab28ca372.jpg</path>
	<source>
		<database>roboflow.ai</database>
	</source>
	<size>
		<width>416</width>
		<height>416</height>
		<depth>3</depth>
	</size>
	<segmented>0</segmented>
	<object>
		<name>Powdery Mildew</name>
		<pose>Unspecified</pose>
		<truncated>0</truncated>
		<difficult>0</difficult>
		<occluded>0</occluded>
		<bndbox>
			<xmin>49</xmin>
			<xmax>377</xmax>
			<ymin>142</ymin>
			<ymax>324</ymax>
		</bndbox>
	</object>
	<object>
		<name>Downy Mildew</name>
		<pose>Unspecified</pose>
		<truncated>0</truncated>
		<difficult>0</difficult>
		<occluded>0</occluded>
		<bndbox>
			<xmin>38</xmin>
			<xmax>113</xmax>
			<ymin>240</ymin>
			<ymax>290</ymax>
		</bndbox>
	</object>
	<object>
		<name>Downy Mildew</name>
		<pose>Unspecified</pose>
		<truncated>0</truncated>
		<difficult>0</difficult>
		<occluded>0</occluded>
		<bndbox>
			<xmin>195</xmin>
			<xmax>288</xmax>
			<ymin>321</ymin>
			<ymax>392</ymax>
		</bndbox>
	</object>
</annotation>
