<annotation>
	<folder></folder>
	<filename>IMG_20220222_092748_jpg.rf.cb23fc8de11ed5de3db3da1c9da6faa1.jpg</filename>
	<path>IMG_20220222_092748_jpg.rf.cb23fc8de11ed5de3db3da1c9da6faa1.jpg</path>
	<source>
		<database>roboflow.ai</database>
	</source>
	<size>
		<width>416</width>
		<height>416</height>
		<depth>3</depth>
	</size>
	<segmented>0</segmented>
	<object>
		<name>Downy Mildew</name>
		<pose>Unspecified</pose>
		<truncated>0</truncated>
		<difficult>0</difficult>
		<occluded>0</occluded>
		<bndbox>
			<xmin>137</xmin>
			<xmax>247</xmax>
			<ymin>183</ymin>
			<ymax>320</ymax>
		</bndbox>
	</object>
	<object>
		<name>Downy Mildew</name>
		<pose>Unspecified</pose>
		<truncated>0</truncated>
		<difficult>0</difficult>
		<occluded>0</occluded>
		<bndbox>
			<xmin>1</xmin>
			<xmax>72</xmax>
			<ymin>265</ymin>
			<ymax>339</ymax>
		</bndbox>
	</object>
</annotation>
