<annotation>
	<folder></folder>
	<filename>IMG_20220222_095329_jpg.rf.ca4c55273fbb53f50a0e8e89a619a552.jpg</filename>
	<path>IMG_20220222_095329_jpg.rf.ca4c55273fbb53f50a0e8e89a619a552.jpg</path>
	<source>
		<database>roboflow.ai</database>
	</source>
	<size>
		<width>416</width>
		<height>416</height>
		<depth>3</depth>
	</size>
	<segmented>0</segmented>
	<object>
		<name>Powdery Mildew</name>
		<pose>Unspecified</pose>
		<truncated>0</truncated>
		<difficult>0</difficult>
		<occluded>0</occluded>
		<bndbox>
			<xmin>43</xmin>
			<xmax>416</xmax>
			<ymin>85</ymin>
			<ymax>376</ymax>
		</bndbox>
	</object>
</annotation>
