<annotation>
	<folder></folder>
	<filename>IMG_20220222_095825_jpg.rf.38692f449938dea2017d3a61a02268e6.jpg</filename>
	<path>IMG_20220222_095825_jpg.rf.38692f449938dea2017d3a61a02268e6.jpg</path>
	<source>
		<database>roboflow.ai</database>
	</source>
	<size>
		<width>416</width>
		<height>416</height>
		<depth>3</depth>
	</size>
	<segmented>0</segmented>
	<object>
		<name>Powdery Mildew</name>
		<pose>Unspecified</pose>
		<truncated>0</truncated>
		<difficult>0</difficult>
		<occluded>0</occluded>
		<bndbox>
			<xmin>94</xmin>
			<xmax>330</xmax>
			<ymin>136</ymin>
			<ymax>323</ymax>
		</bndbox>
	</object>
</annotation>
