<annotation>
	<folder></folder>
	<filename>IMG_20220222_102742_jpg.rf.cf6a2081f36fc05dbc0b9e76d5b7c4b4.jpg</filename>
	<path>IMG_20220222_102742_jpg.rf.cf6a2081f36fc05dbc0b9e76d5b7c4b4.jpg</path>
	<source>
		<database>roboflow.ai</database>
	</source>
	<size>
		<width>416</width>
		<height>416</height>
		<depth>3</depth>
	</size>
	<segmented>0</segmented>
	<object>
		<name>Powdery Mildew</name>
		<pose>Unspecified</pose>
		<truncated>0</truncated>
		<difficult>0</difficult>
		<occluded>0</occluded>
		<bndbox>
			<xmin>1</xmin>
			<xmax>370</xmax>
			<ymin>74</ymin>
			<ymax>374</ymax>
		</bndbox>
	</object>
</annotation>
