<annotation>
	<folder></folder>
	<filename>IMG_20220222_093653_jpg.rf.5b5edc63681b17a1980c99f069930771.jpg</filename>
	<path>IMG_20220222_093653_jpg.rf.5b5edc63681b17a1980c99f069930771.jpg</path>
	<source>
		<database>roboflow.ai</database>
	</source>
	<size>
		<width>416</width>
		<height>416</height>
		<depth>3</depth>
	</size>
	<segmented>0</segmented>
	<object>
		<name>Downy Mildew</name>
		<pose>Unspecified</pose>
		<truncated>0</truncated>
		<difficult>0</difficult>
		<occluded>0</occluded>
		<bndbox>
			<xmin>1</xmin>
			<xmax>171</xmax>
			<ymin>150</ymin>
			<ymax>245</ymax>
		</bndbox>
	</object>
	<object>
		<name>Downy Mildew</name>
		<pose>Unspecified</pose>
		<truncated>0</truncated>
		<difficult>0</difficult>
		<occluded>0</occluded>
		<bndbox>
			<xmin>97</xmin>
			<xmax>357</xmax>
			<ymin>109</ymin>
			<ymax>385</ymax>
		</bndbox>
	</object>
</annotation>
