<annotation>
	<folder></folder>
	<filename>IMG_20220222_090910_jpg.rf.36d46f4108883df8c0f0956bd4fac36c.jpg</filename>
	<path>IMG_20220222_090910_jpg.rf.36d46f4108883df8c0f0956bd4fac36c.jpg</path>
	<source>
		<database>roboflow.ai</database>
	</source>
	<size>
		<width>416</width>
		<height>416</height>
		<depth>3</depth>
	</size>
	<segmented>0</segmented>
	<object>
		<name>Powdery Mildew</name>
		<pose>Unspecified</pose>
		<truncated>0</truncated>
		<difficult>0</difficult>
		<occluded>0</occluded>
		<bndbox>
			<xmin>29</xmin>
			<xmax>382</xmax>
			<ymin>124</ymin>
			<ymax>367</ymax>
		</bndbox>
	</object>
</annotation>
