<annotation>
	<folder></folder>
	<filename>IMG_20220222_103215_jpg.rf.c7f86c49cacc3f1948a78991d4bf8ae9.jpg</filename>
	<path>IMG_20220222_103215_jpg.rf.c7f86c49cacc3f1948a78991d4bf8ae9.jpg</path>
	<source>
		<database>roboflow.ai</database>
	</source>
	<size>
		<width>416</width>
		<height>416</height>
		<depth>3</depth>
	</size>
	<segmented>0</segmented>
	<object>
		<name>Powdery Mildew</name>
		<pose>Unspecified</pose>
		<truncated>0</truncated>
		<difficult>0</difficult>
		<occluded>0</occluded>
		<bndbox>
			<xmin>52</xmin>
			<xmax>346</xmax>
			<ymin>118</ymin>
			<ymax>314</ymax>
		</bndbox>
	</object>
	<object>
		<name>Downy Mildew</name>
		<pose>Unspecified</pose>
		<truncated>0</truncated>
		<difficult>0</difficult>
		<occluded>0</occluded>
		<bndbox>
			<xmin>209</xmin>
			<xmax>249</xmax>
			<ymin>333</ymin>
			<ymax>363</ymax>
		</bndbox>
	</object>
</annotation>
