<annotation>
	<folder></folder>
	<filename>IMG_20220222_102355_jpg.rf.2feed10790b650f0c2a09eb31ea81919.jpg</filename>
	<path>IMG_20220222_102355_jpg.rf.2feed10790b650f0c2a09eb31ea81919.jpg</path>
	<source>
		<database>roboflow.ai</database>
	</source>
	<size>
		<width>416</width>
		<height>416</height>
		<depth>3</depth>
	</size>
	<segmented>0</segmented>
	<object>
		<name>Powdery Mildew</name>
		<pose>Unspecified</pose>
		<truncated>0</truncated>
		<difficult>0</difficult>
		<occluded>0</occluded>
		<bndbox>
			<xmin>90</xmin>
			<xmax>258</xmax>
			<ymin>43</ymin>
			<ymax>416</ymax>
		</bndbox>
	</object>
</annotation>
