<annotation>
	<folder></folder>
	<filename>IMG_20220222_100157_jpg.rf.965a0aac653193078607fa591e3df0be.jpg</filename>
	<path>IMG_20220222_100157_jpg.rf.965a0aac653193078607fa591e3df0be.jpg</path>
	<source>
		<database>roboflow.ai</database>
	</source>
	<size>
		<width>416</width>
		<height>416</height>
		<depth>3</depth>
	</size>
	<segmented>0</segmented>
	<object>
		<name>Powdery Mildew</name>
		<pose>Unspecified</pose>
		<truncated>0</truncated>
		<difficult>0</difficult>
		<occluded>0</occluded>
		<bndbox>
			<xmin>224</xmin>
			<xmax>416</xmax>
			<ymin>61</ymin>
			<ymax>172</ymax>
		</bndbox>
	</object>
	<object>
		<name>Downy Mildew</name>
		<pose>Unspecified</pose>
		<truncated>0</truncated>
		<difficult>0</difficult>
		<occluded>0</occluded>
		<bndbox>
			<xmin>17</xmin>
			<xmax>78</xmax>
			<ymin>162</ymin>
			<ymax>182</ymax>
		</bndbox>
	</object>
	<object>
		<name>Downy Mildew</name>
		<pose>Unspecified</pose>
		<truncated>0</truncated>
		<difficult>0</difficult>
		<occluded>0</occluded>
		<bndbox>
			<xmin>49</xmin>
			<xmax>98</xmax>
			<ymin>228</ymin>
			<ymax>256</ymax>
		</bndbox>
	</object>
	<object>
		<name>Downy Mildew</name>
		<pose>Unspecified</pose>
		<truncated>0</truncated>
		<difficult>0</difficult>
		<occluded>0</occluded>
		<bndbox>
			<xmin>75</xmin>
			<xmax>116</xmax>
			<ymin>260</ymin>
			<ymax>308</ymax>
		</bndbox>
	</object>
</annotation>
