<annotation>
	<folder></folder>
	<filename>IMG_20220222_093437_jpg.rf.a9283752f03b5a10d33f776484e712d1.jpg</filename>
	<path>IMG_20220222_093437_jpg.rf.a9283752f03b5a10d33f776484e712d1.jpg</path>
	<source>
		<database>roboflow.ai</database>
	</source>
	<size>
		<width>416</width>
		<height>416</height>
		<depth>3</depth>
	</size>
	<segmented>0</segmented>
	<object>
		<name>Downy Mildew</name>
		<pose>Unspecified</pose>
		<truncated>0</truncated>
		<difficult>0</difficult>
		<occluded>0</occluded>
		<bndbox>
			<xmin>300</xmin>
			<xmax>323</xmax>
			<ymin>131</ymin>
			<ymax>184</ymax>
		</bndbox>
	</object>
	<object>
		<name>Downy Mildew</name>
		<pose>Unspecified</pose>
		<truncated>0</truncated>
		<difficult>0</difficult>
		<occluded>0</occluded>
		<bndbox>
			<xmin>293</xmin>
			<xmax>312</xmax>
			<ymin>268</ymin>
			<ymax>306</ymax>
		</bndbox>
	</object>
</annotation>
