<annotation>
	<folder></folder>
	<filename>IMG_20220222_091805_jpg.rf.e7ea984318ce766995eb462bc7250509.jpg</filename>
	<path>IMG_20220222_091805_jpg.rf.e7ea984318ce766995eb462bc7250509.jpg</path>
	<source>
		<database>roboflow.ai</database>
	</source>
	<size>
		<width>416</width>
		<height>416</height>
		<depth>3</depth>
	</size>
	<segmented>0</segmented>
	<object>
		<name>Downy Mildew</name>
		<pose>Unspecified</pose>
		<truncated>0</truncated>
		<difficult>0</difficult>
		<occluded>0</occluded>
		<bndbox>
			<xmin>15</xmin>
			<xmax>21</xmax>
			<ymin>265</ymin>
			<ymax>269</ymax>
		</bndbox>
	</object>
</annotation>
