<annotation>
	<folder></folder>
	<filename>IMG_20220222_093507_jpg.rf.a145580b8091463122f4ff48626fb9ef.jpg</filename>
	<path>IMG_20220222_093507_jpg.rf.a145580b8091463122f4ff48626fb9ef.jpg</path>
	<source>
		<database>roboflow.ai</database>
	</source>
	<size>
		<width>416</width>
		<height>416</height>
		<depth>3</depth>
	</size>
	<segmented>0</segmented>
	<object>
		<name>Downy Mildew</name>
		<pose>Unspecified</pose>
		<truncated>0</truncated>
		<difficult>0</difficult>
		<occluded>0</occluded>
		<bndbox>
			<xmin>118</xmin>
			<xmax>134</xmax>
			<ymin>6</ymin>
			<ymax>20</ymax>
		</bndbox>
	</object>
	<object>
		<name>Downy Mildew</name>
		<pose>Unspecified</pose>
		<truncated>0</truncated>
		<difficult>0</difficult>
		<occluded>0</occluded>
		<bndbox>
			<xmin>177</xmin>
			<xmax>189</xmax>
			<ymin>178</ymin>
			<ymax>186</ymax>
		</bndbox>
	</object>
	<object>
		<name>Downy Mildew</name>
		<pose>Unspecified</pose>
		<truncated>0</truncated>
		<difficult>0</difficult>
		<occluded>0</occluded>
		<bndbox>
			<xmin>357</xmin>
			<xmax>394</xmax>
			<ymin>210</ymin>
			<ymax>250</ymax>
		</bndbox>
	</object>
</annotation>
