<annotation>
	<folder></folder>
	<filename>IMG_20220222_091840_jpg.rf.5a5b60c7f7512e508d139b7a0d690dbd.jpg</filename>
	<path>IMG_20220222_091840_jpg.rf.5a5b60c7f7512e508d139b7a0d690dbd.jpg</path>
	<source>
		<database>roboflow.ai</database>
	</source>
	<size>
		<width>416</width>
		<height>416</height>
		<depth>3</depth>
	</size>
	<segmented>0</segmented>
	<object>
		<name>Downy Mildew</name>
		<pose>Unspecified</pose>
		<truncated>0</truncated>
		<difficult>0</difficult>
		<occluded>0</occluded>
		<bndbox>
			<xmin>205</xmin>
			<xmax>248</xmax>
			<ymin>143</ymin>
			<ymax>195</ymax>
		</bndbox>
	</object>
	<object>
		<name>Downy Mildew</name>
		<pose>Unspecified</pose>
		<truncated>0</truncated>
		<difficult>0</difficult>
		<occluded>0</occluded>
		<bndbox>
			<xmin>270</xmin>
			<xmax>416</xmax>
			<ymin>167</ymin>
			<ymax>280</ymax>
		</bndbox>
	</object>
	<object>
		<name>Downy Mildew</name>
		<pose>Unspecified</pose>
		<truncated>0</truncated>
		<difficult>0</difficult>
		<occluded>0</occluded>
		<bndbox>
			<xmin>60</xmin>
			<xmax>135</xmax>
			<ymin>270</ymin>
			<ymax>339</ymax>
		</bndbox>
	</object>
</annotation>
