<annotation>
	<folder></folder>
	<filename>IMG_20220222_102340_jpg.rf.2a3cfc4679040bc1b79d86cfaa94df87.jpg</filename>
	<path>IMG_20220222_102340_jpg.rf.2a3cfc4679040bc1b79d86cfaa94df87.jpg</path>
	<source>
		<database>roboflow.ai</database>
	</source>
	<size>
		<width>416</width>
		<height>416</height>
		<depth>3</depth>
	</size>
	<segmented>0</segmented>
	<object>
		<name>Powdery Mildew</name>
		<pose>Unspecified</pose>
		<truncated>0</truncated>
		<difficult>0</difficult>
		<occluded>0</occluded>
		<bndbox>
			<xmin>44</xmin>
			<xmax>359</xmax>
			<ymin>91</ymin>
			<ymax>298</ymax>
		</bndbox>
	</object>
</annotation>
