<annotation>
	<folder></folder>
	<filename>IMG_20220222_102514_jpg.rf.6806a4119c3922cb57409aa2a198bbb4.jpg</filename>
	<path>IMG_20220222_102514_jpg.rf.6806a4119c3922cb57409aa2a198bbb4.jpg</path>
	<source>
		<database>roboflow.ai</database>
	</source>
	<size>
		<width>416</width>
		<height>416</height>
		<depth>3</depth>
	</size>
	<segmented>0</segmented>
	<object>
		<name>Powdery Mildew</name>
		<pose>Unspecified</pose>
		<truncated>0</truncated>
		<difficult>0</difficult>
		<occluded>0</occluded>
		<bndbox>
			<xmin>30</xmin>
			<xmax>416</xmax>
			<ymin>60</ymin>
			<ymax>412</ymax>
		</bndbox>
	</object>
</annotation>
