<annotation>
	<folder></folder>
	<filename>IMG_20220222_102349_jpg.rf.31d3eb77d844a1a66d89547ba6e66ecb.jpg</filename>
	<path>IMG_20220222_102349_jpg.rf.31d3eb77d844a1a66d89547ba6e66ecb.jpg</path>
	<source>
		<database>roboflow.ai</database>
	</source>
	<size>
		<width>416</width>
		<height>416</height>
		<depth>3</depth>
	</size>
	<segmented>0</segmented>
	<object>
		<name>Powdery Mildew</name>
		<pose>Unspecified</pose>
		<truncated>0</truncated>
		<difficult>0</difficult>
		<occluded>0</occluded>
		<bndbox>
			<xmin>42</xmin>
			<xmax>336</xmax>
			<ymin>129</ymin>
			<ymax>226</ymax>
		</bndbox>
	</object>
</annotation>
