<annotation>
	<folder></folder>
	<filename>IMG_20220222_090437_jpg.rf.dbb76b87e41ce678d676a5c2730b49ec.jpg</filename>
	<path>IMG_20220222_090437_jpg.rf.dbb76b87e41ce678d676a5c2730b49ec.jpg</path>
	<source>
		<database>roboflow.ai</database>
	</source>
	<size>
		<width>416</width>
		<height>416</height>
		<depth>3</depth>
	</size>
	<segmented>0</segmented>
	<object>
		<name>Powdery Mildew</name>
		<pose>Unspecified</pose>
		<truncated>0</truncated>
		<difficult>0</difficult>
		<occluded>0</occluded>
		<bndbox>
			<xmin>33</xmin>
			<xmax>400</xmax>
			<ymin>115</ymin>
			<ymax>378</ymax>
		</bndbox>
	</object>
</annotation>
