<annotation>
	<folder></folder>
	<filename>IMG_20220222_095825_jpg.rf.c93cb7fd910bbceb69f84b3b63dc6b54.jpg</filename>
	<path>IMG_20220222_095825_jpg.rf.c93cb7fd910bbceb69f84b3b63dc6b54.jpg</path>
	<source>
		<database>roboflow.ai</database>
	</source>
	<size>
		<width>416</width>
		<height>416</height>
		<depth>3</depth>
	</size>
	<segmented>0</segmented>
	<object>
		<name>Powdery Mildew</name>
		<pose>Unspecified</pose>
		<truncated>0</truncated>
		<difficult>0</difficult>
		<occluded>0</occluded>
		<bndbox>
			<xmin>76</xmin>
			<xmax>333</xmax>
			<ymin>109</ymin>
			<ymax>334</ymax>
		</bndbox>
	</object>
</annotation>
