<annotation>
	<folder></folder>
	<filename>IMG_20220222_102454_jpg.rf.5dd41a7cd3f9898ea3dfae04312a7a87.jpg</filename>
	<path>IMG_20220222_102454_jpg.rf.5dd41a7cd3f9898ea3dfae04312a7a87.jpg</path>
	<source>
		<database>roboflow.ai</database>
	</source>
	<size>
		<width>416</width>
		<height>416</height>
		<depth>3</depth>
	</size>
	<segmented>0</segmented>
	<object>
		<name>Downy Mildew</name>
		<pose>Unspecified</pose>
		<truncated>0</truncated>
		<difficult>0</difficult>
		<occluded>0</occluded>
		<bndbox>
			<xmin>11</xmin>
			<xmax>175</xmax>
			<ymin>169</ymin>
			<ymax>285</ymax>
		</bndbox>
	</object>
	<object>
		<name>Powdery Mildew</name>
		<pose>Unspecified</pose>
		<truncated>0</truncated>
		<difficult>0</difficult>
		<occluded>0</occluded>
		<bndbox>
			<xmin>59</xmin>
			<xmax>416</xmax>
			<ymin>112</ymin>
			<ymax>395</ymax>
		</bndbox>
	</object>
</annotation>
