<annotation>
	<folder></folder>
	<filename>IMG_20220222_103234_jpg.rf.e88351fc40ca8a8fd361bec909e0112c.jpg</filename>
	<path>IMG_20220222_103234_jpg.rf.e88351fc40ca8a8fd361bec909e0112c.jpg</path>
	<source>
		<database>roboflow.ai</database>
	</source>
	<size>
		<width>416</width>
		<height>416</height>
		<depth>3</depth>
	</size>
	<segmented>0</segmented>
	<object>
		<name>Downy Mildew</name>
		<pose>Unspecified</pose>
		<truncated>0</truncated>
		<difficult>0</difficult>
		<occluded>0</occluded>
		<bndbox>
			<xmin>47</xmin>
			<xmax>396</xmax>
			<ymin>60</ymin>
			<ymax>320</ymax>
		</bndbox>
	</object>
</annotation>
