<annotation>
	<folder></folder>
	<filename>IMG_20220222_100141_jpg.rf.6d7eafb41764c72649afecdb69b12abc.jpg</filename>
	<path>IMG_20220222_100141_jpg.rf.6d7eafb41764c72649afecdb69b12abc.jpg</path>
	<source>
		<database>roboflow.ai</database>
	</source>
	<size>
		<width>416</width>
		<height>416</height>
		<depth>3</depth>
	</size>
	<segmented>0</segmented>
	<object>
		<name>Powdery Mildew</name>
		<pose>Unspecified</pose>
		<truncated>0</truncated>
		<difficult>0</difficult>
		<occluded>0</occluded>
		<bndbox>
			<xmin>40</xmin>
			<xmax>255</xmax>
			<ymin>133</ymin>
			<ymax>227</ymax>
		</bndbox>
	</object>
	<object>
		<name>Downy Mildew</name>
		<pose>Unspecified</pose>
		<truncated>0</truncated>
		<difficult>0</difficult>
		<occluded>0</occluded>
		<bndbox>
			<xmin>270</xmin>
			<xmax>304</xmax>
			<ymin>256</ymin>
			<ymax>273</ymax>
		</bndbox>
	</object>
	<object>
		<name>Powdery Mildew</name>
		<pose>Unspecified</pose>
		<truncated>0</truncated>
		<difficult>0</difficult>
		<occluded>0</occluded>
		<bndbox>
			<xmin>79</xmin>
			<xmax>297</xmax>
			<ymin>228</ymin>
			<ymax>385</ymax>
		</bndbox>
	</object>
</annotation>
