<annotation>
	<folder></folder>
	<filename>IMG_20220222_092254_jpg.rf.4c7da1e49b2d828826d0bba5b75ca1a4.jpg</filename>
	<path>IMG_20220222_092254_jpg.rf.4c7da1e49b2d828826d0bba5b75ca1a4.jpg</path>
	<source>
		<database>roboflow.ai</database>
	</source>
	<size>
		<width>416</width>
		<height>416</height>
		<depth>3</depth>
	</size>
	<segmented>0</segmented>
	<object>
		<name>Downy Mildew</name>
		<pose>Unspecified</pose>
		<truncated>0</truncated>
		<difficult>0</difficult>
		<occluded>0</occluded>
		<bndbox>
			<xmin>176</xmin>
			<xmax>353</xmax>
			<ymin>98</ymin>
			<ymax>189</ymax>
		</bndbox>
	</object>
	<object>
		<name>Downy Mildew</name>
		<pose>Unspecified</pose>
		<truncated>0</truncated>
		<difficult>0</difficult>
		<occluded>0</occluded>
		<bndbox>
			<xmin>80</xmin>
			<xmax>164</xmax>
			<ymin>201</ymin>
			<ymax>266</ymax>
		</bndbox>
	</object>
</annotation>
