<annotation>
	<folder></folder>
	<filename>IMG_20220222_092134_jpg.rf.0a750f58d0b929d5c62982c2a583bcdd.jpg</filename>
	<path>IMG_20220222_092134_jpg.rf.0a750f58d0b929d5c62982c2a583bcdd.jpg</path>
	<source>
		<database>roboflow.ai</database>
	</source>
	<size>
		<width>416</width>
		<height>416</height>
		<depth>3</depth>
	</size>
	<segmented>0</segmented>
	<object>
		<name>Downy Mildew</name>
		<pose>Unspecified</pose>
		<truncated>0</truncated>
		<difficult>0</difficult>
		<occluded>0</occluded>
		<bndbox>
			<xmin>236</xmin>
			<xmax>303</xmax>
			<ymin>127</ymin>
			<ymax>319</ymax>
		</bndbox>
	</object>
	<object>
		<name>Downy Mildew</name>
		<pose>Unspecified</pose>
		<truncated>0</truncated>
		<difficult>0</difficult>
		<occluded>0</occluded>
		<bndbox>
			<xmin>72</xmin>
			<xmax>183</xmax>
			<ymin>250</ymin>
			<ymax>342</ymax>
		</bndbox>
	</object>
</annotation>
