<annotation>
	<folder></folder>
	<filename>IMG_20220222_092126_jpg.rf.0335284c055096ad26dac6fda9952689.jpg</filename>
	<path>IMG_20220222_092126_jpg.rf.0335284c055096ad26dac6fda9952689.jpg</path>
	<source>
		<database>roboflow.ai</database>
	</source>
	<size>
		<width>416</width>
		<height>416</height>
		<depth>3</depth>
	</size>
	<segmented>0</segmented>
	<object>
		<name>Downy Mildew</name>
		<pose>Unspecified</pose>
		<truncated>0</truncated>
		<difficult>0</difficult>
		<occluded>0</occluded>
		<bndbox>
			<xmin>126</xmin>
			<xmax>416</xmax>
			<ymin>193</ymin>
			<ymax>357</ymax>
		</bndbox>
	</object>
</annotation>
