<annotation>
	<folder></folder>
	<filename>IMG_20220222_102203_jpg.rf.f1c814ca65d57deb3a7fd087f29b952b.jpg</filename>
	<path>IMG_20220222_102203_jpg.rf.f1c814ca65d57deb3a7fd087f29b952b.jpg</path>
	<source>
		<database>roboflow.ai</database>
	</source>
	<size>
		<width>416</width>
		<height>416</height>
		<depth>3</depth>
	</size>
	<segmented>0</segmented>
	<object>
		<name>Downy Mildew</name>
		<pose>Unspecified</pose>
		<truncated>0</truncated>
		<difficult>0</difficult>
		<occluded>0</occluded>
		<bndbox>
			<xmin>332</xmin>
			<xmax>416</xmax>
			<ymin>187</ymin>
			<ymax>285</ymax>
		</bndbox>
	</object>
	<object>
		<name>Downy Mildew</name>
		<pose>Unspecified</pose>
		<truncated>0</truncated>
		<difficult>0</difficult>
		<occluded>0</occluded>
		<bndbox>
			<xmin>154</xmin>
			<xmax>274</xmax>
			<ymin>159</ymin>
			<ymax>369</ymax>
		</bndbox>
	</object>
</annotation>
