<annotation>
	<folder></folder>
	<filename>IMG_20220222_091232_jpg.rf.5bfe0f82e09e4684ffcaa8005b3bea9f.jpg</filename>
	<path>IMG_20220222_091232_jpg.rf.5bfe0f82e09e4684ffcaa8005b3bea9f.jpg</path>
	<source>
		<database>roboflow.ai</database>
	</source>
	<size>
		<width>416</width>
		<height>416</height>
		<depth>3</depth>
	</size>
	<segmented>0</segmented>
	<object>
		<name>Downy Mildew</name>
		<pose>Unspecified</pose>
		<truncated>0</truncated>
		<difficult>0</difficult>
		<occluded>0</occluded>
		<bndbox>
			<xmin>215</xmin>
			<xmax>250</xmax>
			<ymin>110</ymin>
			<ymax>169</ymax>
		</bndbox>
	</object>
	<object>
		<name>Downy Mildew</name>
		<pose>Unspecified</pose>
		<truncated>0</truncated>
		<difficult>0</difficult>
		<occluded>0</occluded>
		<bndbox>
			<xmin>191</xmin>
			<xmax>280</xmax>
			<ymin>282</ymin>
			<ymax>347</ymax>
		</bndbox>
	</object>
</annotation>
