<annotation>
	<folder></folder>
	<filename>IMG_20220222_095557_jpg.rf.af285950cde4c7a4c2c16cf0f24049f0.jpg</filename>
	<path>IMG_20220222_095557_jpg.rf.af285950cde4c7a4c2c16cf0f24049f0.jpg</path>
	<source>
		<database>roboflow.ai</database>
	</source>
	<size>
		<width>416</width>
		<height>416</height>
		<depth>3</depth>
	</size>
	<segmented>0</segmented>
	<object>
		<name>Downy Mildew</name>
		<pose>Unspecified</pose>
		<truncated>0</truncated>
		<difficult>0</difficult>
		<occluded>0</occluded>
		<bndbox>
			<xmin>1</xmin>
			<xmax>225</xmax>
			<ymin>181</ymin>
			<ymax>341</ymax>
		</bndbox>
	</object>
	<object>
		<name>Downy Mildew</name>
		<pose>Unspecified</pose>
		<truncated>0</truncated>
		<difficult>0</difficult>
		<occluded>0</occluded>
		<bndbox>
			<xmin>333</xmin>
			<xmax>413</xmax>
			<ymin>32</ymin>
			<ymax>92</ymax>
		</bndbox>
	</object>
</annotation>
