<annotation>
	<folder></folder>
	<filename>IMG_20220222_103244_jpg.rf.1b4dc04ae1cf7b7e2f5212281b0d55eb.jpg</filename>
	<path>IMG_20220222_103244_jpg.rf.1b4dc04ae1cf7b7e2f5212281b0d55eb.jpg</path>
	<source>
		<database>roboflow.ai</database>
	</source>
	<size>
		<width>416</width>
		<height>416</height>
		<depth>3</depth>
	</size>
	<segmented>0</segmented>
	<object>
		<name>Powdery Mildew</name>
		<pose>Unspecified</pose>
		<truncated>0</truncated>
		<difficult>0</difficult>
		<occluded>0</occluded>
		<bndbox>
			<xmin>74</xmin>
			<xmax>307</xmax>
			<ymin>71</ymin>
			<ymax>258</ymax>
		</bndbox>
	</object>
	<object>
		<name>Downy Mildew</name>
		<pose>Unspecified</pose>
		<truncated>0</truncated>
		<difficult>0</difficult>
		<occluded>0</occluded>
		<bndbox>
			<xmin>60</xmin>
			<xmax>94</xmax>
			<ymin>249</ymin>
			<ymax>289</ymax>
		</bndbox>
	</object>
	<object>
		<name>Powdery Mildew</name>
		<pose>Unspecified</pose>
		<truncated>0</truncated>
		<difficult>0</difficult>
		<occluded>0</occluded>
		<bndbox>
			<xmin>114</xmin>
			<xmax>197</xmax>
			<ymin>297</ymin>
			<ymax>357</ymax>
		</bndbox>
	</object>
</annotation>
