<annotation>
	<folder></folder>
	<filename>IMG_20220222_102805_jpg.rf.68d11775b448e08a7376ad8bf848d022.jpg</filename>
	<path>IMG_20220222_102805_jpg.rf.68d11775b448e08a7376ad8bf848d022.jpg</path>
	<source>
		<database>roboflow.ai</database>
	</source>
	<size>
		<width>416</width>
		<height>416</height>
		<depth>3</depth>
	</size>
	<segmented>0</segmented>
	<object>
		<name>Powdery Mildew</name>
		<pose>Unspecified</pose>
		<truncated>0</truncated>
		<difficult>0</difficult>
		<occluded>0</occluded>
		<bndbox>
			<xmin>37</xmin>
			<xmax>406</xmax>
			<ymin>81</ymin>
			<ymax>392</ymax>
		</bndbox>
	</object>
	<object>
		<name>Downy Mildew</name>
		<pose>Unspecified</pose>
		<truncated>0</truncated>
		<difficult>0</difficult>
		<occluded>0</occluded>
		<bndbox>
			<xmin>60</xmin>
			<xmax>136</xmax>
			<ymin>270</ymin>
			<ymax>326</ymax>
		</bndbox>
	</object>
</annotation>
