<annotation>
	<folder></folder>
	<filename>IMG_20220222_090544_jpg.rf.a4e2762efeba30223161e071ebd16e59.jpg</filename>
	<path>IMG_20220222_090544_jpg.rf.a4e2762efeba30223161e071ebd16e59.jpg</path>
	<source>
		<database>roboflow.ai</database>
	</source>
	<size>
		<width>416</width>
		<height>416</height>
		<depth>3</depth>
	</size>
	<segmented>0</segmented>
	<object>
		<name>Powdery Mildew</name>
		<pose>Unspecified</pose>
		<truncated>0</truncated>
		<difficult>0</difficult>
		<occluded>0</occluded>
		<bndbox>
			<xmin>32</xmin>
			<xmax>364</xmax>
			<ymin>141</ymin>
			<ymax>375</ymax>
		</bndbox>
	</object>
</annotation>
