<annotation>
	<folder></folder>
	<filename>IMG_20220222_102727_jpg.rf.1601e9daba1e0efc99cdabf59e9d8d74.jpg</filename>
	<path>IMG_20220222_102727_jpg.rf.1601e9daba1e0efc99cdabf59e9d8d74.jpg</path>
	<source>
		<database>roboflow.ai</database>
	</source>
	<size>
		<width>416</width>
		<height>416</height>
		<depth>3</depth>
	</size>
	<segmented>0</segmented>
	<object>
		<name>Downy Mildew</name>
		<pose>Unspecified</pose>
		<truncated>0</truncated>
		<difficult>0</difficult>
		<occluded>0</occluded>
		<bndbox>
			<xmin>14</xmin>
			<xmax>297</xmax>
			<ymin>61</ymin>
			<ymax>388</ymax>
		</bndbox>
	</object>
</annotation>
