<annotation>
	<folder></folder>
	<filename>IMG_20220222_091236_jpg.rf.9b31df1dd16e2776918e22f7056a2651.jpg</filename>
	<path>IMG_20220222_091236_jpg.rf.9b31df1dd16e2776918e22f7056a2651.jpg</path>
	<source>
		<database>roboflow.ai</database>
	</source>
	<size>
		<width>416</width>
		<height>416</height>
		<depth>3</depth>
	</size>
	<segmented>0</segmented>
	<object>
		<name>Downy Mildew</name>
		<pose>Unspecified</pose>
		<truncated>0</truncated>
		<difficult>0</difficult>
		<occluded>0</occluded>
		<bndbox>
			<xmin>197</xmin>
			<xmax>221</xmax>
			<ymin>216</ymin>
			<ymax>240</ymax>
		</bndbox>
	</object>
	<object>
		<name>Downy Mildew</name>
		<pose>Unspecified</pose>
		<truncated>0</truncated>
		<difficult>0</difficult>
		<occluded>0</occluded>
		<bndbox>
			<xmin>257</xmin>
			<xmax>279</xmax>
			<ymin>300</ymin>
			<ymax>338</ymax>
		</bndbox>
	</object>
</annotation>
