<annotation>
	<folder></folder>
	<filename>IMG_20220222_095237_jpg.rf.866d90cb61eee8d5c80174c34f4ffcc2.jpg</filename>
	<path>IMG_20220222_095237_jpg.rf.866d90cb61eee8d5c80174c34f4ffcc2.jpg</path>
	<source>
		<database>roboflow.ai</database>
	</source>
	<size>
		<width>416</width>
		<height>416</height>
		<depth>3</depth>
	</size>
	<segmented>0</segmented>
	<object>
		<name>Powdery Mildew</name>
		<pose>Unspecified</pose>
		<truncated>0</truncated>
		<difficult>0</difficult>
		<occluded>0</occluded>
		<bndbox>
			<xmin>47</xmin>
			<xmax>364</xmax>
			<ymin>106</ymin>
			<ymax>368</ymax>
		</bndbox>
	</object>
</annotation>
