<annotation>
	<folder></folder>
	<filename>IMG_20220222_102320_jpg.rf.4a456e195b93da75a28eae57c4778cb5.jpg</filename>
	<path>IMG_20220222_102320_jpg.rf.4a456e195b93da75a28eae57c4778cb5.jpg</path>
	<source>
		<database>roboflow.ai</database>
	</source>
	<size>
		<width>416</width>
		<height>416</height>
		<depth>3</depth>
	</size>
	<segmented>0</segmented>
	<object>
		<name>Powdery Mildew</name>
		<pose>Unspecified</pose>
		<truncated>0</truncated>
		<difficult>0</difficult>
		<occluded>0</occluded>
		<bndbox>
			<xmin>83</xmin>
			<xmax>308</xmax>
			<ymin>164</ymin>
			<ymax>328</ymax>
		</bndbox>
	</object>
</annotation>
