<annotation>
	<folder></folder>
	<filename>IMG_20220222_093403_jpg.rf.da1a93bf92573da4c9aa47d60e77e433.jpg</filename>
	<path>IMG_20220222_093403_jpg.rf.da1a93bf92573da4c9aa47d60e77e433.jpg</path>
	<source>
		<database>roboflow.ai</database>
	</source>
	<size>
		<width>416</width>
		<height>416</height>
		<depth>3</depth>
	</size>
	<segmented>0</segmented>
	<object>
		<name>Downy Mildew</name>
		<pose>Unspecified</pose>
		<truncated>0</truncated>
		<difficult>0</difficult>
		<occluded>0</occluded>
		<bndbox>
			<xmin>99</xmin>
			<xmax>290</xmax>
			<ymin>146</ymin>
			<ymax>347</ymax>
		</bndbox>
	</object>
</annotation>
