<annotation>
	<folder></folder>
	<filename>IMG_20220222_102420_jpg.rf.b927ea71230ec663f014a9ac8812980a.jpg</filename>
	<path>IMG_20220222_102420_jpg.rf.b927ea71230ec663f014a9ac8812980a.jpg</path>
	<source>
		<database>roboflow.ai</database>
	</source>
	<size>
		<width>416</width>
		<height>416</height>
		<depth>3</depth>
	</size>
	<segmented>0</segmented>
	<object>
		<name>Powdery Mildew</name>
		<pose>Unspecified</pose>
		<truncated>0</truncated>
		<difficult>0</difficult>
		<occluded>0</occluded>
		<bndbox>
			<xmin>15</xmin>
			<xmax>400</xmax>
			<ymin>66</ymin>
			<ymax>372</ymax>
		</bndbox>
	</object>
</annotation>
