<annotation>
	<folder></folder>
	<filename>IMG_20220222_102249_jpg.rf.fad8eab05102ff587f0119260cb6bd20.jpg</filename>
	<path>IMG_20220222_102249_jpg.rf.fad8eab05102ff587f0119260cb6bd20.jpg</path>
	<source>
		<database>roboflow.ai</database>
	</source>
	<size>
		<width>416</width>
		<height>416</height>
		<depth>3</depth>
	</size>
	<segmented>0</segmented>
	<object>
		<name>Powdery Mildew</name>
		<pose>Unspecified</pose>
		<truncated>0</truncated>
		<difficult>0</difficult>
		<occluded>0</occluded>
		<bndbox>
			<xmin>15</xmin>
			<xmax>352</xmax>
			<ymin>31</ymin>
			<ymax>400</ymax>
		</bndbox>
	</object>
	<object>
		<name>Downy Mildew</name>
		<pose>Unspecified</pose>
		<truncated>0</truncated>
		<difficult>0</difficult>
		<occluded>0</occluded>
		<bndbox>
			<xmin>113</xmin>
			<xmax>164</xmax>
			<ymin>193</ymin>
			<ymax>391</ymax>
		</bndbox>
	</object>
</annotation>
