<annotation>
	<folder></folder>
	<filename>IMG_20220222_091248_jpg.rf.f2bbca7e3e1caa0709166e2724f7cbf6.jpg</filename>
	<path>IMG_20220222_091248_jpg.rf.f2bbca7e3e1caa0709166e2724f7cbf6.jpg</path>
	<source>
		<database>roboflow.ai</database>
	</source>
	<size>
		<width>416</width>
		<height>416</height>
		<depth>3</depth>
	</size>
	<segmented>0</segmented>
	<object>
		<name>Downy Mildew</name>
		<pose>Unspecified</pose>
		<truncated>0</truncated>
		<difficult>0</difficult>
		<occluded>0</occluded>
		<bndbox>
			<xmin>115</xmin>
			<xmax>177</xmax>
			<ymin>189</ymin>
			<ymax>239</ymax>
		</bndbox>
	</object>
	<object>
		<name>Downy Mildew</name>
		<pose>Unspecified</pose>
		<truncated>0</truncated>
		<difficult>0</difficult>
		<occluded>0</occluded>
		<bndbox>
			<xmin>296</xmin>
			<xmax>331</xmax>
			<ymin>232</ymin>
			<ymax>277</ymax>
		</bndbox>
	</object>
</annotation>
