<annotation>
	<folder></folder>
	<filename>IMG_20220222_100019_jpg.rf.882ce746424f7728fb8115b23cc20d18.jpg</filename>
	<path>IMG_20220222_100019_jpg.rf.882ce746424f7728fb8115b23cc20d18.jpg</path>
	<source>
		<database>roboflow.ai</database>
	</source>
	<size>
		<width>416</width>
		<height>416</height>
		<depth>3</depth>
	</size>
	<segmented>0</segmented>
	<object>
		<name>Powdery Mildew</name>
		<pose>Unspecified</pose>
		<truncated>0</truncated>
		<difficult>0</difficult>
		<occluded>0</occluded>
		<bndbox>
			<xmin>41</xmin>
			<xmax>302</xmax>
			<ymin>124</ymin>
			<ymax>288</ymax>
		</bndbox>
	</object>
</annotation>
