<annotation>
	<folder></folder>
	<filename>IMG_20220222_092047_jpg.rf.9f16893db095e56adc110fdc47c36f49.jpg</filename>
	<path>IMG_20220222_092047_jpg.rf.9f16893db095e56adc110fdc47c36f49.jpg</path>
	<source>
		<database>roboflow.ai</database>
	</source>
	<size>
		<width>416</width>
		<height>416</height>
		<depth>3</depth>
	</size>
	<segmented>0</segmented>
	<object>
		<name>Downy Mildew</name>
		<pose>Unspecified</pose>
		<truncated>0</truncated>
		<difficult>0</difficult>
		<occluded>0</occluded>
		<bndbox>
			<xmin>65</xmin>
			<xmax>195</xmax>
			<ymin>163</ymin>
			<ymax>223</ymax>
		</bndbox>
	</object>
	<object>
		<name>Downy Mildew</name>
		<pose>Unspecified</pose>
		<truncated>0</truncated>
		<difficult>0</difficult>
		<occluded>0</occluded>
		<bndbox>
			<xmin>16</xmin>
			<xmax>403</xmax>
			<ymin>178</ymin>
			<ymax>408</ymax>
		</bndbox>
	</object>
</annotation>
