<annotation>
	<folder></folder>
	<filename>IMG_20220222_102737_jpg.rf.1525f61775653eefd760bfa025cef159.jpg</filename>
	<path>IMG_20220222_102737_jpg.rf.1525f61775653eefd760bfa025cef159.jpg</path>
	<source>
		<database>roboflow.ai</database>
	</source>
	<size>
		<width>416</width>
		<height>416</height>
		<depth>3</depth>
	</size>
	<segmented>0</segmented>
	<object>
		<name>Downy Mildew</name>
		<pose>Unspecified</pose>
		<truncated>0</truncated>
		<difficult>0</difficult>
		<occluded>0</occluded>
		<bndbox>
			<xmin>195</xmin>
			<xmax>217</xmax>
			<ymin>159</ymin>
			<ymax>184</ymax>
		</bndbox>
	</object>
	<object>
		<name>Powdery Mildew</name>
		<pose>Unspecified</pose>
		<truncated>0</truncated>
		<difficult>0</difficult>
		<occluded>0</occluded>
		<bndbox>
			<xmin>18</xmin>
			<xmax>417</xmax>
			<ymin>70</ymin>
			<ymax>312</ymax>
		</bndbox>
	</object>
	<object>
		<name>Downy Mildew</name>
		<pose>Unspecified</pose>
		<truncated>0</truncated>
		<difficult>0</difficult>
		<occluded>0</occluded>
		<bndbox>
			<xmin>78</xmin>
			<xmax>163</xmax>
			<ymin>158</ymin>
			<ymax>235</ymax>
		</bndbox>
	</object>
</annotation>
