<annotation>
	<folder></folder>
	<filename>IMG_20220222_095602_jpg.rf.f694238f9bf0457d5c049d3617424ca8.jpg</filename>
	<path>IMG_20220222_095602_jpg.rf.f694238f9bf0457d5c049d3617424ca8.jpg</path>
	<source>
		<database>roboflow.ai</database>
	</source>
	<size>
		<width>416</width>
		<height>416</height>
		<depth>3</depth>
	</size>
	<segmented>0</segmented>
	<object>
		<name>Downy Mildew</name>
		<pose>Unspecified</pose>
		<truncated>0</truncated>
		<difficult>0</difficult>
		<occluded>0</occluded>
		<bndbox>
			<xmin>135</xmin>
			<xmax>213</xmax>
			<ymin>131</ymin>
			<ymax>162</ymax>
		</bndbox>
	</object>
	<object>
		<name>Downy Mildew</name>
		<pose>Unspecified</pose>
		<truncated>0</truncated>
		<difficult>0</difficult>
		<occluded>0</occluded>
		<bndbox>
			<xmin>1</xmin>
			<xmax>84</xmax>
			<ymin>153</ymin>
			<ymax>188</ymax>
		</bndbox>
	</object>
	<object>
		<name>Downy Mildew</name>
		<pose>Unspecified</pose>
		<truncated>0</truncated>
		<difficult>0</difficult>
		<occluded>0</occluded>
		<bndbox>
			<xmin>68</xmin>
			<xmax>342</xmax>
			<ymin>207</ymin>
			<ymax>374</ymax>
		</bndbox>
	</object>
</annotation>
