<annotation>
	<folder></folder>
	<filename>IMG_20220222_092722_jpg.rf.0e38fb28414f42ef1221d00bdce9d7b9.jpg</filename>
	<path>IMG_20220222_092722_jpg.rf.0e38fb28414f42ef1221d00bdce9d7b9.jpg</path>
	<source>
		<database>roboflow.ai</database>
	</source>
	<size>
		<width>416</width>
		<height>416</height>
		<depth>3</depth>
	</size>
	<segmented>0</segmented>
	<object>
		<name>Downy Mildew</name>
		<pose>Unspecified</pose>
		<truncated>0</truncated>
		<difficult>0</difficult>
		<occluded>0</occluded>
		<bndbox>
			<xmin>88</xmin>
			<xmax>416</xmax>
			<ymin>145</ymin>
			<ymax>247</ymax>
		</bndbox>
	</object>
	<object>
		<name>Downy Mildew</name>
		<pose>Unspecified</pose>
		<truncated>0</truncated>
		<difficult>0</difficult>
		<occluded>0</occluded>
		<bndbox>
			<xmin>109</xmin>
			<xmax>158</xmax>
			<ymin>291</ymin>
			<ymax>352</ymax>
		</bndbox>
	</object>
</annotation>
