<annotation>
	<folder></folder>
	<filename>IMG_20220222_103158_jpg.rf.590cbe5f650aa5bd783185ee91fc3941.jpg</filename>
	<path>IMG_20220222_103158_jpg.rf.590cbe5f650aa5bd783185ee91fc3941.jpg</path>
	<source>
		<database>roboflow.ai</database>
	</source>
	<size>
		<width>416</width>
		<height>416</height>
		<depth>3</depth>
	</size>
	<segmented>0</segmented>
	<object>
		<name>Powdery Mildew</name>
		<pose>Unspecified</pose>
		<truncated>0</truncated>
		<difficult>0</difficult>
		<occluded>0</occluded>
		<bndbox>
			<xmin>1</xmin>
			<xmax>356</xmax>
			<ymin>113</ymin>
			<ymax>416</ymax>
		</bndbox>
	</object>
	<object>
		<name>Downy Mildew</name>
		<pose>Unspecified</pose>
		<truncated>0</truncated>
		<difficult>0</difficult>
		<occluded>0</occluded>
		<bndbox>
			<xmin>1</xmin>
			<xmax>208</xmax>
			<ymin>192</ymin>
			<ymax>416</ymax>
		</bndbox>
	</object>
</annotation>
