<annotation>
	<folder></folder>
	<filename>IMG_20220222_102919_jpg.rf.f3c10b4060dd679057eecce294bcccdc.jpg</filename>
	<path>IMG_20220222_102919_jpg.rf.f3c10b4060dd679057eecce294bcccdc.jpg</path>
	<source>
		<database>roboflow.ai</database>
	</source>
	<size>
		<width>416</width>
		<height>416</height>
		<depth>3</depth>
	</size>
	<segmented>0</segmented>
	<object>
		<name>Downy Mildew</name>
		<pose>Unspecified</pose>
		<truncated>0</truncated>
		<difficult>0</difficult>
		<occluded>0</occluded>
		<bndbox>
			<xmin>161</xmin>
			<xmax>255</xmax>
			<ymin>92</ymin>
			<ymax>139</ymax>
		</bndbox>
	</object>
	<object>
		<name>Downy Mildew</name>
		<pose>Unspecified</pose>
		<truncated>0</truncated>
		<difficult>0</difficult>
		<occluded>0</occluded>
		<bndbox>
			<xmin>287</xmin>
			<xmax>330</xmax>
			<ymin>130</ymin>
			<ymax>167</ymax>
		</bndbox>
	</object>
	<object>
		<name>Downy Mildew</name>
		<pose>Unspecified</pose>
		<truncated>0</truncated>
		<difficult>0</difficult>
		<occluded>0</occluded>
		<bndbox>
			<xmin>76</xmin>
			<xmax>328</xmax>
			<ymin>175</ymin>
			<ymax>327</ymax>
		</bndbox>
	</object>
</annotation>
