<annotation>
	<folder></folder>
	<filename>IMG_20220222_102349_jpg.rf.5f85858740eb359598e7db1ccd4d8b8e.jpg</filename>
	<path>IMG_20220222_102349_jpg.rf.5f85858740eb359598e7db1ccd4d8b8e.jpg</path>
	<source>
		<database>roboflow.ai</database>
	</source>
	<size>
		<width>416</width>
		<height>416</height>
		<depth>3</depth>
	</size>
	<segmented>0</segmented>
	<object>
		<name>Powdery Mildew</name>
		<pose>Unspecified</pose>
		<truncated>0</truncated>
		<difficult>0</difficult>
		<occluded>0</occluded>
		<bndbox>
			<xmin>16</xmin>
			<xmax>337</xmax>
			<ymin>107</ymin>
			<ymax>370</ymax>
		</bndbox>
	</object>
</annotation>
