<annotation>
	<folder></folder>
	<filename>IMG_20220222_103045_jpg.rf.d7d0f2040e0061678dbf3ed4b51775cd.jpg</filename>
	<path>IMG_20220222_103045_jpg.rf.d7d0f2040e0061678dbf3ed4b51775cd.jpg</path>
	<source>
		<database>roboflow.ai</database>
	</source>
	<size>
		<width>416</width>
		<height>416</height>
		<depth>3</depth>
	</size>
	<segmented>0</segmented>
	<object>
		<name>Downy Mildew</name>
		<pose>Unspecified</pose>
		<truncated>0</truncated>
		<difficult>0</difficult>
		<occluded>0</occluded>
		<bndbox>
			<xmin>1</xmin>
			<xmax>197</xmax>
			<ymin>187</ymin>
			<ymax>368</ymax>
		</bndbox>
	</object>
	<object>
		<name>Downy Mildew</name>
		<pose>Unspecified</pose>
		<truncated>0</truncated>
		<difficult>0</difficult>
		<occluded>0</occluded>
		<bndbox>
			<xmin>214</xmin>
			<xmax>260</xmax>
			<ymin>346</ymin>
			<ymax>410</ymax>
		</bndbox>
	</object>
</annotation>
