<annotation>
	<folder></folder>
	<filename>IMG_20220222_102527_jpg.rf.3e3d88f5d4b0835c0e86660a1890d7e4.jpg</filename>
	<path>IMG_20220222_102527_jpg.rf.3e3d88f5d4b0835c0e86660a1890d7e4.jpg</path>
	<source>
		<database>roboflow.ai</database>
	</source>
	<size>
		<width>416</width>
		<height>416</height>
		<depth>3</depth>
	</size>
	<segmented>0</segmented>
	<object>
		<name>Powdery Mildew</name>
		<pose>Unspecified</pose>
		<truncated>0</truncated>
		<difficult>0</difficult>
		<occluded>0</occluded>
		<bndbox>
			<xmin>25</xmin>
			<xmax>416</xmax>
			<ymin>42</ymin>
			<ymax>401</ymax>
		</bndbox>
	</object>
	<object>
		<name>Downy Mildew</name>
		<pose>Unspecified</pose>
		<truncated>0</truncated>
		<difficult>0</difficult>
		<occluded>0</occluded>
		<bndbox>
			<xmin>9</xmin>
			<xmax>133</xmax>
			<ymin>201</ymin>
			<ymax>316</ymax>
		</bndbox>
	</object>
</annotation>
