<annotation>
	<folder></folder>
	<filename>IMG_20220222_093824_jpg.rf.4b2e8fd43d5583dda6abed8e36ce5d49.jpg</filename>
	<path>IMG_20220222_093824_jpg.rf.4b2e8fd43d5583dda6abed8e36ce5d49.jpg</path>
	<source>
		<database>roboflow.ai</database>
	</source>
	<size>
		<width>416</width>
		<height>416</height>
		<depth>3</depth>
	</size>
	<segmented>0</segmented>
	<object>
		<name>Downy Mildew</name>
		<pose>Unspecified</pose>
		<truncated>0</truncated>
		<difficult>0</difficult>
		<occluded>0</occluded>
		<bndbox>
			<xmin>125</xmin>
			<xmax>145</xmax>
			<ymin>197</ymin>
			<ymax>212</ymax>
		</bndbox>
	</object>
	<object>
		<name>Downy Mildew</name>
		<pose>Unspecified</pose>
		<truncated>0</truncated>
		<difficult>0</difficult>
		<occluded>0</occluded>
		<bndbox>
			<xmin>160</xmin>
			<xmax>173</xmax>
			<ymin>311</ymin>
			<ymax>322</ymax>
		</bndbox>
	</object>
	<object>
		<name>Downy Mildew</name>
		<pose>Unspecified</pose>
		<truncated>0</truncated>
		<difficult>0</difficult>
		<occluded>0</occluded>
		<bndbox>
			<xmin>357</xmin>
			<xmax>378</xmax>
			<ymin>83</ymin>
			<ymax>96</ymax>
		</bndbox>
	</object>
</annotation>
