<annotation>
	<folder></folder>
	<filename>IMG_20220222_092556_jpg.rf.2cfddb4cde2823ebd4f678520b9e9aad.jpg</filename>
	<path>IMG_20220222_092556_jpg.rf.2cfddb4cde2823ebd4f678520b9e9aad.jpg</path>
	<source>
		<database>roboflow.ai</database>
	</source>
	<size>
		<width>416</width>
		<height>416</height>
		<depth>3</depth>
	</size>
	<segmented>0</segmented>
	<object>
		<name>Downy Mildew</name>
		<pose>Unspecified</pose>
		<truncated>0</truncated>
		<difficult>0</difficult>
		<occluded>0</occluded>
		<bndbox>
			<xmin>1</xmin>
			<xmax>256</xmax>
			<ymin>171</ymin>
			<ymax>332</ymax>
		</bndbox>
	</object>
	<object>
		<name>Downy Mildew</name>
		<pose>Unspecified</pose>
		<truncated>0</truncated>
		<difficult>0</difficult>
		<occluded>0</occluded>
		<bndbox>
			<xmin>294</xmin>
			<xmax>367</xmax>
			<ymin>217</ymin>
			<ymax>316</ymax>
		</bndbox>
	</object>
</annotation>
