<annotation>
	<folder></folder>
	<filename>IMG_20220222_102243_jpg.rf.2be7a5522c058960ff235e686b2cda12.jpg</filename>
	<path>IMG_20220222_102243_jpg.rf.2be7a5522c058960ff235e686b2cda12.jpg</path>
	<source>
		<database>roboflow.ai</database>
	</source>
	<size>
		<width>416</width>
		<height>416</height>
		<depth>3</depth>
	</size>
	<segmented>0</segmented>
	<object>
		<name>Downy Mildew</name>
		<pose>Unspecified</pose>
		<truncated>0</truncated>
		<difficult>0</difficult>
		<occluded>0</occluded>
		<bndbox>
			<xmin>181</xmin>
			<xmax>270</xmax>
			<ymin>118</ymin>
			<ymax>226</ymax>
		</bndbox>
	</object>
</annotation>
