<annotation>
	<folder></folder>
	<filename>IMG_20220222_091723_jpg.rf.0ea7e32e9c944e40b3c37127a7276c02.jpg</filename>
	<path>IMG_20220222_091723_jpg.rf.0ea7e32e9c944e40b3c37127a7276c02.jpg</path>
	<source>
		<database>roboflow.ai</database>
	</source>
	<size>
		<width>416</width>
		<height>416</height>
		<depth>3</depth>
	</size>
	<segmented>0</segmented>
	<object>
		<name>Downy Mildew</name>
		<pose>Unspecified</pose>
		<truncated>0</truncated>
		<difficult>0</difficult>
		<occluded>0</occluded>
		<bndbox>
			<xmin>352</xmin>
			<xmax>382</xmax>
			<ymin>265</ymin>
			<ymax>279</ymax>
		</bndbox>
	</object>
</annotation>
