<annotation>
	<folder></folder>
	<filename>IMG_20220222_091049_jpg.rf.288ab7c913c60b3c652ed450bc343474.jpg</filename>
	<path>IMG_20220222_091049_jpg.rf.288ab7c913c60b3c652ed450bc343474.jpg</path>
	<source>
		<database>roboflow.ai</database>
	</source>
	<size>
		<width>416</width>
		<height>416</height>
		<depth>3</depth>
	</size>
	<segmented>0</segmented>
	<object>
		<name>Powdery Mildew</name>
		<pose>Unspecified</pose>
		<truncated>0</truncated>
		<difficult>0</difficult>
		<occluded>0</occluded>
		<bndbox>
			<xmin>11</xmin>
			<xmax>365</xmax>
			<ymin>122</ymin>
			<ymax>354</ymax>
		</bndbox>
	</object>
</annotation>
