<annotation>
	<folder></folder>
	<filename>IMG_20220222_102344_jpg.rf.976ad2cfe6e43330eb834f18569c0f0c.jpg</filename>
	<path>IMG_20220222_102344_jpg.rf.976ad2cfe6e43330eb834f18569c0f0c.jpg</path>
	<source>
		<database>roboflow.ai</database>
	</source>
	<size>
		<width>416</width>
		<height>416</height>
		<depth>3</depth>
	</size>
	<segmented>0</segmented>
	<object>
		<name>Powdery Mildew</name>
		<pose>Unspecified</pose>
		<truncated>0</truncated>
		<difficult>0</difficult>
		<occluded>0</occluded>
		<bndbox>
			<xmin>24</xmin>
			<xmax>415</xmax>
			<ymin>117</ymin>
			<ymax>365</ymax>
		</bndbox>
	</object>
</annotation>
