<annotation>
	<folder></folder>
	<filename>IMG_20220222_092056_jpg.rf.e015c7aa5c616af4aeede1b11fc25418.jpg</filename>
	<path>IMG_20220222_092056_jpg.rf.e015c7aa5c616af4aeede1b11fc25418.jpg</path>
	<source>
		<database>roboflow.ai</database>
	</source>
	<size>
		<width>416</width>
		<height>416</height>
		<depth>3</depth>
	</size>
	<segmented>0</segmented>
	<object>
		<name>Downy Mildew</name>
		<pose>Unspecified</pose>
		<truncated>0</truncated>
		<difficult>0</difficult>
		<occluded>0</occluded>
		<bndbox>
			<xmin>85</xmin>
			<xmax>416</xmax>
			<ymin>169</ymin>
			<ymax>385</ymax>
		</bndbox>
	</object>
</annotation>
