<annotation>
	<folder></folder>
	<filename>IMG_20220222_102401_jpg.rf.bcf43f9d55acd390fe844b5f94577beb.jpg</filename>
	<path>IMG_20220222_102401_jpg.rf.bcf43f9d55acd390fe844b5f94577beb.jpg</path>
	<source>
		<database>roboflow.ai</database>
	</source>
	<size>
		<width>416</width>
		<height>416</height>
		<depth>3</depth>
	</size>
	<segmented>0</segmented>
	<object>
		<name>Powdery Mildew</name>
		<pose>Unspecified</pose>
		<truncated>0</truncated>
		<difficult>0</difficult>
		<occluded>0</occluded>
		<bndbox>
			<xmin>102</xmin>
			<xmax>416</xmax>
			<ymin>172</ymin>
			<ymax>407</ymax>
		</bndbox>
	</object>
</annotation>
