<annotation>
	<folder></folder>
	<filename>IMG_20220222_091507_jpg.rf.625ac8ef112a3adf9a14871bd9546470.jpg</filename>
	<path>IMG_20220222_091507_jpg.rf.625ac8ef112a3adf9a14871bd9546470.jpg</path>
	<source>
		<database>roboflow.ai</database>
	</source>
	<size>
		<width>416</width>
		<height>416</height>
		<depth>3</depth>
	</size>
	<segmented>0</segmented>
	<object>
		<name>Downy Mildew</name>
		<pose>Unspecified</pose>
		<truncated>0</truncated>
		<difficult>0</difficult>
		<occluded>0</occluded>
		<bndbox>
			<xmin>357</xmin>
			<xmax>369</xmax>
			<ymin>157</ymin>
			<ymax>173</ymax>
		</bndbox>
	</object>
	<object>
		<name>Downy Mildew</name>
		<pose>Unspecified</pose>
		<truncated>0</truncated>
		<difficult>0</difficult>
		<occluded>0</occluded>
		<bndbox>
			<xmin>133</xmin>
			<xmax>144</xmax>
			<ymin>280</ymin>
			<ymax>286</ymax>
		</bndbox>
	</object>
</annotation>
