<annotation>
	<folder></folder>
	<filename>IMG_20220222_092904_jpg.rf.6f35c5baf5354a2c7582d9e5b40a72a2.jpg</filename>
	<path>IMG_20220222_092904_jpg.rf.6f35c5baf5354a2c7582d9e5b40a72a2.jpg</path>
	<source>
		<database>roboflow.ai</database>
	</source>
	<size>
		<width>416</width>
		<height>416</height>
		<depth>3</depth>
	</size>
	<segmented>0</segmented>
	<object>
		<name>Downy Mildew</name>
		<pose>Unspecified</pose>
		<truncated>0</truncated>
		<difficult>0</difficult>
		<occluded>0</occluded>
		<bndbox>
			<xmin>1</xmin>
			<xmax>169</xmax>
			<ymin>41</ymin>
			<ymax>271</ymax>
		</bndbox>
	</object>
	<object>
		<name>Downy Mildew</name>
		<pose>Unspecified</pose>
		<truncated>0</truncated>
		<difficult>0</difficult>
		<occluded>0</occluded>
		<bndbox>
			<xmin>261</xmin>
			<xmax>362</xmax>
			<ymin>111</ymin>
			<ymax>299</ymax>
		</bndbox>
	</object>
	<object>
		<name>Downy Mildew</name>
		<pose>Unspecified</pose>
		<truncated>0</truncated>
		<difficult>0</difficult>
		<occluded>0</occluded>
		<bndbox>
			<xmin>230</xmin>
			<xmax>269</xmax>
			<ymin>290</ymin>
			<ymax>340</ymax>
		</bndbox>
	</object>
</annotation>
