<annotation>
	<folder></folder>
	<filename>IMG_20220222_093610_jpg.rf.6701fd68c3b1d793a0a2c07846b33114.jpg</filename>
	<path>IMG_20220222_093610_jpg.rf.6701fd68c3b1d793a0a2c07846b33114.jpg</path>
	<source>
		<database>roboflow.ai</database>
	</source>
	<size>
		<width>416</width>
		<height>416</height>
		<depth>3</depth>
	</size>
	<segmented>0</segmented>
	<object>
		<name>Downy Mildew</name>
		<pose>Unspecified</pose>
		<truncated>0</truncated>
		<difficult>0</difficult>
		<occluded>0</occluded>
		<bndbox>
			<xmin>24</xmin>
			<xmax>134</xmax>
			<ymin>92</ymin>
			<ymax>175</ymax>
		</bndbox>
	</object>
	<object>
		<name>Downy Mildew</name>
		<pose>Unspecified</pose>
		<truncated>0</truncated>
		<difficult>0</difficult>
		<occluded>0</occluded>
		<bndbox>
			<xmin>387</xmin>
			<xmax>417</xmax>
			<ymin>161</ymin>
			<ymax>181</ymax>
		</bndbox>
	</object>
	<object>
		<name>Downy Mildew</name>
		<pose>Unspecified</pose>
		<truncated>0</truncated>
		<difficult>0</difficult>
		<occluded>0</occluded>
		<bndbox>
			<xmin>254</xmin>
			<xmax>350</xmax>
			<ymin>162</ymin>
			<ymax>212</ymax>
		</bndbox>
	</object>
</annotation>
