<annotation>
	<folder></folder>
	<filename>IMG_20220222_091753_jpg.rf.2181471e6251d82d4483b028aea830ae.jpg</filename>
	<path>IMG_20220222_091753_jpg.rf.2181471e6251d82d4483b028aea830ae.jpg</path>
	<source>
		<database>roboflow.ai</database>
	</source>
	<size>
		<width>416</width>
		<height>416</height>
		<depth>3</depth>
	</size>
	<segmented>0</segmented>
	<object>
		<name>Downy Mildew</name>
		<pose>Unspecified</pose>
		<truncated>0</truncated>
		<difficult>0</difficult>
		<occluded>0</occluded>
		<bndbox>
			<xmin>353</xmin>
			<xmax>373</xmax>
			<ymin>113</ymin>
			<ymax>126</ymax>
		</bndbox>
	</object>
	<object>
		<name>Downy Mildew</name>
		<pose>Unspecified</pose>
		<truncated>0</truncated>
		<difficult>0</difficult>
		<occluded>0</occluded>
		<bndbox>
			<xmin>8</xmin>
			<xmax>28</xmax>
			<ymin>211</ymin>
			<ymax>223</ymax>
		</bndbox>
	</object>
	<object>
		<name>Downy Mildew</name>
		<pose>Unspecified</pose>
		<truncated>0</truncated>
		<difficult>0</difficult>
		<occluded>0</occluded>
		<bndbox>
			<xmin>84</xmin>
			<xmax>95</xmax>
			<ymin>286</ymin>
			<ymax>294</ymax>
		</bndbox>
	</object>
	<object>
		<name>Downy Mildew</name>
		<pose>Unspecified</pose>
		<truncated>0</truncated>
		<difficult>0</difficult>
		<occluded>0</occluded>
		<bndbox>
			<xmin>287</xmin>
			<xmax>302</xmax>
			<ymin>312</ymin>
			<ymax>323</ymax>
		</bndbox>
	</object>
	<object>
		<name>Downy Mildew</name>
		<pose>Unspecified</pose>
		<truncated>0</truncated>
		<difficult>0</difficult>
		<occluded>0</occluded>
		<bndbox>
			<xmin>156</xmin>
			<xmax>188</xmax>
			<ymin>46</ymin>
			<ymax>64</ymax>
		</bndbox>
	</object>
</annotation>
