<annotation>
	<folder></folder>
	<filename>IMG_20220222_093726_jpg.rf.59661846386d174461dd7cb21926031e.jpg</filename>
	<path>IMG_20220222_093726_jpg.rf.59661846386d174461dd7cb21926031e.jpg</path>
	<source>
		<database>roboflow.ai</database>
	</source>
	<size>
		<width>416</width>
		<height>416</height>
		<depth>3</depth>
	</size>
	<segmented>0</segmented>
	<object>
		<name>Downy Mildew</name>
		<pose>Unspecified</pose>
		<truncated>0</truncated>
		<difficult>0</difficult>
		<occluded>0</occluded>
		<bndbox>
			<xmin>257</xmin>
			<xmax>286</xmax>
			<ymin>289</ymin>
			<ymax>323</ymax>
		</bndbox>
	</object>
	<object>
		<name>Downy Mildew</name>
		<pose>Unspecified</pose>
		<truncated>0</truncated>
		<difficult>0</difficult>
		<occluded>0</occluded>
		<bndbox>
			<xmin>366</xmin>
			<xmax>394</xmax>
			<ymin>30</ymin>
			<ymax>53</ymax>
		</bndbox>
	</object>
</annotation>
