<annotation>
	<folder></folder>
	<filename>IMG_20220222_103151_jpg.rf.223a8768b3c63076d83f6369799f3335.jpg</filename>
	<path>IMG_20220222_103151_jpg.rf.223a8768b3c63076d83f6369799f3335.jpg</path>
	<source>
		<database>roboflow.ai</database>
	</source>
	<size>
		<width>416</width>
		<height>416</height>
		<depth>3</depth>
	</size>
	<segmented>0</segmented>
	<object>
		<name>Downy Mildew</name>
		<pose>Unspecified</pose>
		<truncated>0</truncated>
		<difficult>0</difficult>
		<occluded>0</occluded>
		<bndbox>
			<xmin>209</xmin>
			<xmax>308</xmax>
			<ymin>144</ymin>
			<ymax>225</ymax>
		</bndbox>
	</object>
	<object>
		<name>Downy Mildew</name>
		<pose>Unspecified</pose>
		<truncated>0</truncated>
		<difficult>0</difficult>
		<occluded>0</occluded>
		<bndbox>
			<xmin>137</xmin>
			<xmax>229</xmax>
			<ymin>1</ymin>
			<ymax>47</ymax>
		</bndbox>
	</object>
	<object>
		<name>Downy Mildew</name>
		<pose>Unspecified</pose>
		<truncated>0</truncated>
		<difficult>0</difficult>
		<occluded>0</occluded>
		<bndbox>
			<xmin>105</xmin>
			<xmax>130</xmax>
			<ymin>220</ymin>
			<ymax>253</ymax>
		</bndbox>
	</object>
</annotation>
