<annotation>
	<folder></folder>
	<filename>IMG_20220222_102352_jpg.rf.5bafbe54fa946855ebde58ab0a3bc2c2.jpg</filename>
	<path>IMG_20220222_102352_jpg.rf.5bafbe54fa946855ebde58ab0a3bc2c2.jpg</path>
	<source>
		<database>roboflow.ai</database>
	</source>
	<size>
		<width>416</width>
		<height>416</height>
		<depth>3</depth>
	</size>
	<segmented>0</segmented>
	<object>
		<name>Powdery Mildew</name>
		<pose>Unspecified</pose>
		<truncated>0</truncated>
		<difficult>0</difficult>
		<occluded>0</occluded>
		<bndbox>
			<xmin>102</xmin>
			<xmax>416</xmax>
			<ymin>68</ymin>
			<ymax>362</ymax>
		</bndbox>
	</object>
	<object>
		<name>Downy Mildew</name>
		<pose>Unspecified</pose>
		<truncated>0</truncated>
		<difficult>0</difficult>
		<occluded>0</occluded>
		<bndbox>
			<xmin>1</xmin>
			<xmax>91</xmax>
			<ymin>296</ymin>
			<ymax>416</ymax>
		</bndbox>
	</object>
</annotation>
