<annotation>
	<folder></folder>
	<filename>IMG_20220222_093645_jpg.rf.5781506244bc80bda939b9c376d63532.jpg</filename>
	<path>IMG_20220222_093645_jpg.rf.5781506244bc80bda939b9c376d63532.jpg</path>
	<source>
		<database>roboflow.ai</database>
	</source>
	<size>
		<width>416</width>
		<height>416</height>
		<depth>3</depth>
	</size>
	<segmented>0</segmented>
	<object>
		<name>Downy Mildew</name>
		<pose>Unspecified</pose>
		<truncated>0</truncated>
		<difficult>0</difficult>
		<occluded>0</occluded>
		<bndbox>
			<xmin>102</xmin>
			<xmax>405</xmax>
			<ymin>68</ymin>
			<ymax>280</ymax>
		</bndbox>
	</object>
</annotation>
