<annotation>
	<folder></folder>
	<filename>IMG_20220222_090905_jpg.rf.15c6c34987fe6ef44e23c27a95de0361.jpg</filename>
	<path>IMG_20220222_090905_jpg.rf.15c6c34987fe6ef44e23c27a95de0361.jpg</path>
	<source>
		<database>roboflow.ai</database>
	</source>
	<size>
		<width>416</width>
		<height>416</height>
		<depth>3</depth>
	</size>
	<segmented>0</segmented>
	<object>
		<name>Powdery Mildew</name>
		<pose>Unspecified</pose>
		<truncated>0</truncated>
		<difficult>0</difficult>
		<occluded>0</occluded>
		<bndbox>
			<xmin>34</xmin>
			<xmax>379</xmax>
			<ymin>110</ymin>
			<ymax>373</ymax>
		</bndbox>
	</object>
</annotation>
