<annotation>
	<folder></folder>
	<filename>IMG_20220222_102309_jpg.rf.d737873f40fc93a5dee17af835f60f72.jpg</filename>
	<path>IMG_20220222_102309_jpg.rf.d737873f40fc93a5dee17af835f60f72.jpg</path>
	<source>
		<database>roboflow.ai</database>
	</source>
	<size>
		<width>416</width>
		<height>416</height>
		<depth>3</depth>
	</size>
	<segmented>0</segmented>
	<object>
		<name>Powdery Mildew</name>
		<pose>Unspecified</pose>
		<truncated>0</truncated>
		<difficult>0</difficult>
		<occluded>0</occluded>
		<bndbox>
			<xmin>68</xmin>
			<xmax>346</xmax>
			<ymin>133</ymin>
			<ymax>345</ymax>
		</bndbox>
	</object>
</annotation>
