<annotation>
	<folder></folder>
	<filename>IMG_20220222_092226_jpg.rf.7df6d737b4677dd9cf1c78c74d54a565.jpg</filename>
	<path>IMG_20220222_092226_jpg.rf.7df6d737b4677dd9cf1c78c74d54a565.jpg</path>
	<source>
		<database>roboflow.ai</database>
	</source>
	<size>
		<width>416</width>
		<height>416</height>
		<depth>3</depth>
	</size>
	<segmented>0</segmented>
	<object>
		<name>Downy Mildew</name>
		<pose>Unspecified</pose>
		<truncated>0</truncated>
		<difficult>0</difficult>
		<occluded>0</occluded>
		<bndbox>
			<xmin>28</xmin>
			<xmax>231</xmax>
			<ymin>154</ymin>
			<ymax>339</ymax>
		</bndbox>
	</object>
</annotation>
