<annotation>
	<folder></folder>
	<filename>IMG_20220222_102858_jpg.rf.b23c1e3ba3a2220f2de4b16313a0ccab.jpg</filename>
	<path>IMG_20220222_102858_jpg.rf.b23c1e3ba3a2220f2de4b16313a0ccab.jpg</path>
	<source>
		<database>roboflow.ai</database>
	</source>
	<size>
		<width>416</width>
		<height>416</height>
		<depth>3</depth>
	</size>
	<segmented>0</segmented>
	<object>
		<name>Downy Mildew</name>
		<pose>Unspecified</pose>
		<truncated>0</truncated>
		<difficult>0</difficult>
		<occluded>0</occluded>
		<bndbox>
			<xmin>131</xmin>
			<xmax>273</xmax>
			<ymin>104</ymin>
			<ymax>308</ymax>
		</bndbox>
	</object>
	<object>
		<name>Downy Mildew</name>
		<pose>Unspecified</pose>
		<truncated>0</truncated>
		<difficult>0</difficult>
		<occluded>0</occluded>
		<bndbox>
			<xmin>2</xmin>
			<xmax>106</xmax>
			<ymin>273</ymin>
			<ymax>305</ymax>
		</bndbox>
	</object>
</annotation>
