<annotation>
	<folder></folder>
	<filename>IMG_20220222_093009_jpg.rf.a47d9aac61885104dad7c92fe54013f4.jpg</filename>
	<path>IMG_20220222_093009_jpg.rf.a47d9aac61885104dad7c92fe54013f4.jpg</path>
	<source>
		<database>roboflow.ai</database>
	</source>
	<size>
		<width>416</width>
		<height>416</height>
		<depth>3</depth>
	</size>
	<segmented>0</segmented>
	<object>
		<name>Downy Mildew</name>
		<pose>Unspecified</pose>
		<truncated>0</truncated>
		<difficult>0</difficult>
		<occluded>0</occluded>
		<bndbox>
			<xmin>78</xmin>
			<xmax>328</xmax>
			<ymin>13</ymin>
			<ymax>372</ymax>
		</bndbox>
	</object>
</annotation>
