<annotation>
	<folder></folder>
	<filename>IMG_20220222_091830_jpg.rf.553f11953c541b6ed7387c50e73a9338.jpg</filename>
	<path>IMG_20220222_091830_jpg.rf.553f11953c541b6ed7387c50e73a9338.jpg</path>
	<source>
		<database>roboflow.ai</database>
	</source>
	<size>
		<width>416</width>
		<height>416</height>
		<depth>3</depth>
	</size>
	<segmented>0</segmented>
	<object>
		<name>Downy Mildew</name>
		<pose>Unspecified</pose>
		<truncated>0</truncated>
		<difficult>0</difficult>
		<occluded>0</occluded>
		<bndbox>
			<xmin>216</xmin>
			<xmax>275</xmax>
			<ymin>114</ymin>
			<ymax>149</ymax>
		</bndbox>
	</object>
	<object>
		<name>Downy Mildew</name>
		<pose>Unspecified</pose>
		<truncated>0</truncated>
		<difficult>0</difficult>
		<occluded>0</occluded>
		<bndbox>
			<xmin>101</xmin>
			<xmax>242</xmax>
			<ymin>147</ymin>
			<ymax>202</ymax>
		</bndbox>
	</object>
	<object>
		<name>Downy Mildew</name>
		<pose>Unspecified</pose>
		<truncated>0</truncated>
		<difficult>0</difficult>
		<occluded>0</occluded>
		<bndbox>
			<xmin>18</xmin>
			<xmax>89</xmax>
			<ymin>215</ymin>
			<ymax>266</ymax>
		</bndbox>
	</object>
	<object>
		<name>Downy Mildew</name>
		<pose>Unspecified</pose>
		<truncated>0</truncated>
		<difficult>0</difficult>
		<occluded>0</occluded>
		<bndbox>
			<xmin>220</xmin>
			<xmax>322</xmax>
			<ymin>217</ymin>
			<ymax>406</ymax>
		</bndbox>
	</object>
</annotation>
