<annotation>
	<folder></folder>
	<filename>IMG_20220222_092745_jpg.rf.a35b36f657de042ca438cc2f04d87763.jpg</filename>
	<path>IMG_20220222_092745_jpg.rf.a35b36f657de042ca438cc2f04d87763.jpg</path>
	<source>
		<database>roboflow.ai</database>
	</source>
	<size>
		<width>416</width>
		<height>416</height>
		<depth>3</depth>
	</size>
	<segmented>0</segmented>
	<object>
		<name>Downy Mildew</name>
		<pose>Unspecified</pose>
		<truncated>0</truncated>
		<difficult>0</difficult>
		<occluded>0</occluded>
		<bndbox>
			<xmin>10</xmin>
			<xmax>115</xmax>
			<ymin>160</ymin>
			<ymax>267</ymax>
		</bndbox>
	</object>
	<object>
		<name>Downy Mildew</name>
		<pose>Unspecified</pose>
		<truncated>0</truncated>
		<difficult>0</difficult>
		<occluded>0</occluded>
		<bndbox>
			<xmin>170</xmin>
			<xmax>323</xmax>
			<ymin>193</ymin>
			<ymax>357</ymax>
		</bndbox>
	</object>
</annotation>
