<annotation>
	<folder></folder>
	<filename>IMG_20220222_102732_jpg.rf.65b7c4ff157fbbb9731a661d109db3b4.jpg</filename>
	<path>IMG_20220222_102732_jpg.rf.65b7c4ff157fbbb9731a661d109db3b4.jpg</path>
	<source>
		<database>roboflow.ai</database>
	</source>
	<size>
		<width>416</width>
		<height>416</height>
		<depth>3</depth>
	</size>
	<segmented>0</segmented>
	<object>
		<name>Powdery Mildew</name>
		<pose>Unspecified</pose>
		<truncated>0</truncated>
		<difficult>0</difficult>
		<occluded>0</occluded>
		<bndbox>
			<xmin>5</xmin>
			<xmax>417</xmax>
			<ymin>27</ymin>
			<ymax>343</ymax>
		</bndbox>
	</object>
	<object>
		<name>Downy Mildew</name>
		<pose>Unspecified</pose>
		<truncated>0</truncated>
		<difficult>0</difficult>
		<occluded>0</occluded>
		<bndbox>
			<xmin>51</xmin>
			<xmax>186</xmax>
			<ymin>287</ymin>
			<ymax>383</ymax>
		</bndbox>
	</object>
</annotation>
