<annotation>
	<folder></folder>
	<filename>IMG_20220222_102711_jpg.rf.81d17c835c18fb04fea0443612e9aa05.jpg</filename>
	<path>IMG_20220222_102711_jpg.rf.81d17c835c18fb04fea0443612e9aa05.jpg</path>
	<source>
		<database>roboflow.ai</database>
	</source>
	<size>
		<width>416</width>
		<height>416</height>
		<depth>3</depth>
	</size>
	<segmented>0</segmented>
	<object>
		<name>Powdery Mildew</name>
		<pose>Unspecified</pose>
		<truncated>0</truncated>
		<difficult>0</difficult>
		<occluded>0</occluded>
		<bndbox>
			<xmin>4</xmin>
			<xmax>417</xmax>
			<ymin>37</ymin>
			<ymax>360</ymax>
		</bndbox>
	</object>
	<object>
		<name>Downy Mildew</name>
		<pose>Unspecified</pose>
		<truncated>0</truncated>
		<difficult>0</difficult>
		<occluded>0</occluded>
		<bndbox>
			<xmin>77</xmin>
			<xmax>227</xmax>
			<ymin>149</ymin>
			<ymax>254</ymax>
		</bndbox>
	</object>
</annotation>
