<annotation>
	<folder></folder>
	<filename>IMG_20220222_100017_jpg.rf.4bcd669288f98e38faf14549d528d9bc.jpg</filename>
	<path>IMG_20220222_100017_jpg.rf.4bcd669288f98e38faf14549d528d9bc.jpg</path>
	<source>
		<database>roboflow.ai</database>
	</source>
	<size>
		<width>416</width>
		<height>416</height>
		<depth>3</depth>
	</size>
	<segmented>0</segmented>
	<object>
		<name>Powdery Mildew</name>
		<pose>Unspecified</pose>
		<truncated>0</truncated>
		<difficult>0</difficult>
		<occluded>0</occluded>
		<bndbox>
			<xmin>34</xmin>
			<xmax>317</xmax>
			<ymin>88</ymin>
			<ymax>334</ymax>
		</bndbox>
	</object>
</annotation>
