<annotation>
	<folder></folder>
	<filename>IMG_20220222_091544_jpg.rf.c2145d31d8d804700a86651f8ebe01a2.jpg</filename>
	<path>IMG_20220222_091544_jpg.rf.c2145d31d8d804700a86651f8ebe01a2.jpg</path>
	<source>
		<database>roboflow.ai</database>
	</source>
	<size>
		<width>416</width>
		<height>416</height>
		<depth>3</depth>
	</size>
	<segmented>0</segmented>
	<object>
		<name>Powdery Mildew</name>
		<pose>Unspecified</pose>
		<truncated>0</truncated>
		<difficult>0</difficult>
		<occluded>0</occluded>
		<bndbox>
			<xmin>43</xmin>
			<xmax>390</xmax>
			<ymin>122</ymin>
			<ymax>310</ymax>
		</bndbox>
	</object>
</annotation>
