<annotation>
	<folder></folder>
	<filename>IMG_20220222_102534_jpg.rf.6e62d47f5c51d47ade54a9e725fbe530.jpg</filename>
	<path>IMG_20220222_102534_jpg.rf.6e62d47f5c51d47ade54a9e725fbe530.jpg</path>
	<source>
		<database>roboflow.ai</database>
	</source>
	<size>
		<width>416</width>
		<height>416</height>
		<depth>3</depth>
	</size>
	<segmented>0</segmented>
	<object>
		<name>Downy Mildew</name>
		<pose>Unspecified</pose>
		<truncated>0</truncated>
		<difficult>0</difficult>
		<occluded>0</occluded>
		<bndbox>
			<xmin>62</xmin>
			<xmax>87</xmax>
			<ymin>225</ymin>
			<ymax>253</ymax>
		</bndbox>
	</object>
	<object>
		<name>Downy Mildew</name>
		<pose>Unspecified</pose>
		<truncated>0</truncated>
		<difficult>0</difficult>
		<occluded>0</occluded>
		<bndbox>
			<xmin>23</xmin>
			<xmax>92</xmax>
			<ymin>62</ymin>
			<ymax>101</ymax>
		</bndbox>
	</object>
</annotation>
