<annotation>
	<folder></folder>
	<filename>IMG_20220222_102104_jpg.rf.65ce8105c771e6e965557716a33a2365.jpg</filename>
	<path>IMG_20220222_102104_jpg.rf.65ce8105c771e6e965557716a33a2365.jpg</path>
	<source>
		<database>roboflow.ai</database>
	</source>
	<size>
		<width>416</width>
		<height>416</height>
		<depth>3</depth>
	</size>
	<segmented>0</segmented>
	<object>
		<name>Downy Mildew</name>
		<pose>Unspecified</pose>
		<truncated>0</truncated>
		<difficult>0</difficult>
		<occluded>0</occluded>
		<bndbox>
			<xmin>51</xmin>
			<xmax>161</xmax>
			<ymin>149</ymin>
			<ymax>217</ymax>
		</bndbox>
	</object>
	<object>
		<name>Downy Mildew</name>
		<pose>Unspecified</pose>
		<truncated>0</truncated>
		<difficult>0</difficult>
		<occluded>0</occluded>
		<bndbox>
			<xmin>4</xmin>
			<xmax>47</xmax>
			<ymin>235</ymin>
			<ymax>270</ymax>
		</bndbox>
	</object>
	<object>
		<name>Downy Mildew</name>
		<pose>Unspecified</pose>
		<truncated>0</truncated>
		<difficult>0</difficult>
		<occluded>0</occluded>
		<bndbox>
			<xmin>117</xmin>
			<xmax>245</xmax>
			<ymin>226</ymin>
			<ymax>312</ymax>
		</bndbox>
	</object>
</annotation>
