<annotation>
	<folder></folder>
	<filename>IMG_20220222_092648_jpg.rf.f0107b9216e84301b65075228254d2d1.jpg</filename>
	<path>IMG_20220222_092648_jpg.rf.f0107b9216e84301b65075228254d2d1.jpg</path>
	<source>
		<database>roboflow.ai</database>
	</source>
	<size>
		<width>416</width>
		<height>416</height>
		<depth>3</depth>
	</size>
	<segmented>0</segmented>
	<object>
		<name>Downy Mildew</name>
		<pose>Unspecified</pose>
		<truncated>0</truncated>
		<difficult>0</difficult>
		<occluded>0</occluded>
		<bndbox>
			<xmin>59</xmin>
			<xmax>198</xmax>
			<ymin>100</ymin>
			<ymax>234</ymax>
		</bndbox>
	</object>
	<object>
		<name>Downy Mildew</name>
		<pose>Unspecified</pose>
		<truncated>0</truncated>
		<difficult>0</difficult>
		<occluded>0</occluded>
		<bndbox>
			<xmin>255</xmin>
			<xmax>285</xmax>
			<ymin>234</ymin>
			<ymax>267</ymax>
		</bndbox>
	</object>
</annotation>
