<annotation>
	<folder></folder>
	<filename>IMG_20220222_091431_jpg.rf.e71667f71f8cd21945f57eba39f5c056.jpg</filename>
	<path>IMG_20220222_091431_jpg.rf.e71667f71f8cd21945f57eba39f5c056.jpg</path>
	<source>
		<database>roboflow.ai</database>
	</source>
	<size>
		<width>416</width>
		<height>416</height>
		<depth>3</depth>
	</size>
	<segmented>0</segmented>
	<object>
		<name>Powdery Mildew</name>
		<pose>Unspecified</pose>
		<truncated>0</truncated>
		<difficult>0</difficult>
		<occluded>0</occluded>
		<bndbox>
			<xmin>5</xmin>
			<xmax>358</xmax>
			<ymin>99</ymin>
			<ymax>356</ymax>
		</bndbox>
	</object>
</annotation>
