<annotation>
	<folder></folder>
	<filename>IMG_20220222_102724_jpg.rf.1f594fca1c0035e75e8e6e517ea5eaa4.jpg</filename>
	<path>IMG_20220222_102724_jpg.rf.1f594fca1c0035e75e8e6e517ea5eaa4.jpg</path>
	<source>
		<database>roboflow.ai</database>
	</source>
	<size>
		<width>416</width>
		<height>416</height>
		<depth>3</depth>
	</size>
	<segmented>0</segmented>
	<object>
		<name>Downy Mildew</name>
		<pose>Unspecified</pose>
		<truncated>0</truncated>
		<difficult>0</difficult>
		<occluded>0</occluded>
		<bndbox>
			<xmin>46</xmin>
			<xmax>206</xmax>
			<ymin>95</ymin>
			<ymax>183</ymax>
		</bndbox>
	</object>
	<object>
		<name>Downy Mildew</name>
		<pose>Unspecified</pose>
		<truncated>0</truncated>
		<difficult>0</difficult>
		<occluded>0</occluded>
		<bndbox>
			<xmin>90</xmin>
			<xmax>322</xmax>
			<ymin>220</ymin>
			<ymax>416</ymax>
		</bndbox>
	</object>
</annotation>
