<annotation>
	<folder></folder>
	<filename>IMG_20220222_094615_jpg.rf.304cac0b967f98517f31143c5d5b0958.jpg</filename>
	<path>IMG_20220222_094615_jpg.rf.304cac0b967f98517f31143c5d5b0958.jpg</path>
	<source>
		<database>roboflow.ai</database>
	</source>
	<size>
		<width>416</width>
		<height>416</height>
		<depth>3</depth>
	</size>
	<segmented>0</segmented>
	<object>
		<name>Downy Mildew</name>
		<pose>Unspecified</pose>
		<truncated>0</truncated>
		<difficult>0</difficult>
		<occluded>0</occluded>
		<bndbox>
			<xmin>66</xmin>
			<xmax>268</xmax>
			<ymin>108</ymin>
			<ymax>381</ymax>
		</bndbox>
	</object>
	<object>
		<name>Downy Mildew</name>
		<pose>Unspecified</pose>
		<truncated>0</truncated>
		<difficult>0</difficult>
		<occluded>0</occluded>
		<bndbox>
			<xmin>1</xmin>
			<xmax>40</xmax>
			<ymin>230</ymin>
			<ymax>316</ymax>
		</bndbox>
	</object>
	<object>
		<name>Downy Mildew</name>
		<pose>Unspecified</pose>
		<truncated>0</truncated>
		<difficult>0</difficult>
		<occluded>0</occluded>
		<bndbox>
			<xmin>266</xmin>
			<xmax>310</xmax>
			<ymin>71</ymin>
			<ymax>119</ymax>
		</bndbox>
	</object>
</annotation>
