<annotation>
	<folder></folder>
	<filename>IMG_20220222_102749_jpg.rf.f816e4b8579e69a19a85efc77e0fd632.jpg</filename>
	<path>IMG_20220222_102749_jpg.rf.f816e4b8579e69a19a85efc77e0fd632.jpg</path>
	<source>
		<database>roboflow.ai</database>
	</source>
	<size>
		<width>416</width>
		<height>416</height>
		<depth>3</depth>
	</size>
	<segmented>0</segmented>
	<object>
		<name>Downy Mildew</name>
		<pose>Unspecified</pose>
		<truncated>0</truncated>
		<difficult>0</difficult>
		<occluded>0</occluded>
		<bndbox>
			<xmin>217</xmin>
			<xmax>230</xmax>
			<ymin>133</ymin>
			<ymax>153</ymax>
		</bndbox>
	</object>
	<object>
		<name>Powdery Mildew</name>
		<pose>Unspecified</pose>
		<truncated>0</truncated>
		<difficult>0</difficult>
		<occluded>0</occluded>
		<bndbox>
			<xmin>1</xmin>
			<xmax>410</xmax>
			<ymin>120</ymin>
			<ymax>399</ymax>
		</bndbox>
	</object>
</annotation>
