<annotation>
	<folder></folder>
	<filename>IMG_20220222_102334_jpg.rf.19916253620799412db7104420413ad4.jpg</filename>
	<path>IMG_20220222_102334_jpg.rf.19916253620799412db7104420413ad4.jpg</path>
	<source>
		<database>roboflow.ai</database>
	</source>
	<size>
		<width>416</width>
		<height>416</height>
		<depth>3</depth>
	</size>
	<segmented>0</segmented>
	<object>
		<name>Downy Mildew</name>
		<pose>Unspecified</pose>
		<truncated>0</truncated>
		<difficult>0</difficult>
		<occluded>0</occluded>
		<bndbox>
			<xmin>198</xmin>
			<xmax>412</xmax>
			<ymin>118</ymin>
			<ymax>341</ymax>
		</bndbox>
	</object>
	<object>
		<name>Downy Mildew</name>
		<pose>Unspecified</pose>
		<truncated>0</truncated>
		<difficult>0</difficult>
		<occluded>0</occluded>
		<bndbox>
			<xmin>77</xmin>
			<xmax>178</xmax>
			<ymin>214</ymin>
			<ymax>276</ymax>
		</bndbox>
	</object>
</annotation>
