<annotation>
	<folder></folder>
	<filename>IMG_20220222_093811_jpg.rf.c403845de43b6c3cbbe834d24109a7ed.jpg</filename>
	<path>IMG_20220222_093811_jpg.rf.c403845de43b6c3cbbe834d24109a7ed.jpg</path>
	<source>
		<database>roboflow.ai</database>
	</source>
	<size>
		<width>416</width>
		<height>416</height>
		<depth>3</depth>
	</size>
	<segmented>0</segmented>
	<object>
		<name>Downy Mildew</name>
		<pose>Unspecified</pose>
		<truncated>0</truncated>
		<difficult>0</difficult>
		<occluded>0</occluded>
		<bndbox>
			<xmin>348</xmin>
			<xmax>384</xmax>
			<ymin>229</ymin>
			<ymax>297</ymax>
		</bndbox>
	</object>
</annotation>
