<annotation>
	<folder></folder>
	<filename>IMG_20220222_093619_jpg.rf.23c66764eb5f306ae7ad999e53544af0.jpg</filename>
	<path>IMG_20220222_093619_jpg.rf.23c66764eb5f306ae7ad999e53544af0.jpg</path>
	<source>
		<database>roboflow.ai</database>
	</source>
	<size>
		<width>416</width>
		<height>416</height>
		<depth>3</depth>
	</size>
	<segmented>0</segmented>
	<object>
		<name>Downy Mildew</name>
		<pose>Unspecified</pose>
		<truncated>0</truncated>
		<difficult>0</difficult>
		<occluded>0</occluded>
		<bndbox>
			<xmin>99</xmin>
			<xmax>171</xmax>
			<ymin>102</ymin>
			<ymax>141</ymax>
		</bndbox>
	</object>
	<object>
		<name>Downy Mildew</name>
		<pose>Unspecified</pose>
		<truncated>0</truncated>
		<difficult>0</difficult>
		<occluded>0</occluded>
		<bndbox>
			<xmin>219</xmin>
			<xmax>352</xmax>
			<ymin>143</ymin>
			<ymax>281</ymax>
		</bndbox>
	</object>
	<object>
		<name>Downy Mildew</name>
		<pose>Unspecified</pose>
		<truncated>0</truncated>
		<difficult>0</difficult>
		<occluded>0</occluded>
		<bndbox>
			<xmin>8</xmin>
			<xmax>133</xmax>
			<ymin>173</ymin>
			<ymax>300</ymax>
		</bndbox>
	</object>
</annotation>
