<annotation>
	<folder></folder>
	<filename>IMG_20220222_102745_jpg.rf.b7d216722b0e0d153f28a870ce2df3d8.jpg</filename>
	<path>IMG_20220222_102745_jpg.rf.b7d216722b0e0d153f28a870ce2df3d8.jpg</path>
	<source>
		<database>roboflow.ai</database>
	</source>
	<size>
		<width>416</width>
		<height>416</height>
		<depth>3</depth>
	</size>
	<segmented>0</segmented>
	<object>
		<name>Downy Mildew</name>
		<pose>Unspecified</pose>
		<truncated>0</truncated>
		<difficult>0</difficult>
		<occluded>0</occluded>
		<bndbox>
			<xmin>315</xmin>
			<xmax>378</xmax>
			<ymin>158</ymin>
			<ymax>204</ymax>
		</bndbox>
	</object>
	<object>
		<name>Powdery Mildew</name>
		<pose>Unspecified</pose>
		<truncated>0</truncated>
		<difficult>0</difficult>
		<occluded>0</occluded>
		<bndbox>
			<xmin>4</xmin>
			<xmax>352</xmax>
			<ymin>76</ymin>
			<ymax>344</ymax>
		</bndbox>
	</object>
</annotation>
