<annotation>
	<folder></folder>
	<filename>IMG_20220222_102907_jpg.rf.8a245f31a1e9e64e2d2ad3b596a3ebe7.jpg</filename>
	<path>IMG_20220222_102907_jpg.rf.8a245f31a1e9e64e2d2ad3b596a3ebe7.jpg</path>
	<source>
		<database>roboflow.ai</database>
	</source>
	<size>
		<width>416</width>
		<height>416</height>
		<depth>3</depth>
	</size>
	<segmented>0</segmented>
	<object>
		<name>Downy Mildew</name>
		<pose>Unspecified</pose>
		<truncated>0</truncated>
		<difficult>0</difficult>
		<occluded>0</occluded>
		<bndbox>
			<xmin>233</xmin>
			<xmax>313</xmax>
			<ymin>197</ymin>
			<ymax>245</ymax>
		</bndbox>
	</object>
	<object>
		<name>Downy Mildew</name>
		<pose>Unspecified</pose>
		<truncated>0</truncated>
		<difficult>0</difficult>
		<occluded>0</occluded>
		<bndbox>
			<xmin>221</xmin>
			<xmax>306</xmax>
			<ymin>246</ymin>
			<ymax>311</ymax>
		</bndbox>
	</object>
</annotation>
