<annotation>
	<folder></folder>
	<filename>IMG_20220222_103050_jpg.rf.e8be5b59b8bc41b74a619fba90fa1804.jpg</filename>
	<path>IMG_20220222_103050_jpg.rf.e8be5b59b8bc41b74a619fba90fa1804.jpg</path>
	<source>
		<database>roboflow.ai</database>
	</source>
	<size>
		<width>416</width>
		<height>416</height>
		<depth>3</depth>
	</size>
	<segmented>0</segmented>
	<object>
		<name>Downy Mildew</name>
		<pose>Unspecified</pose>
		<truncated>0</truncated>
		<difficult>0</difficult>
		<occluded>0</occluded>
		<bndbox>
			<xmin>111</xmin>
			<xmax>245</xmax>
			<ymin>123</ymin>
			<ymax>224</ymax>
		</bndbox>
	</object>
	<object>
		<name>Downy Mildew</name>
		<pose>Unspecified</pose>
		<truncated>0</truncated>
		<difficult>0</difficult>
		<occluded>0</occluded>
		<bndbox>
			<xmin>266</xmin>
			<xmax>354</xmax>
			<ymin>155</ymin>
			<ymax>229</ymax>
		</bndbox>
	</object>
	<object>
		<name>Downy Mildew</name>
		<pose>Unspecified</pose>
		<truncated>0</truncated>
		<difficult>0</difficult>
		<occluded>0</occluded>
		<bndbox>
			<xmin>1</xmin>
			<xmax>68</xmax>
			<ymin>195</ymin>
			<ymax>291</ymax>
		</bndbox>
	</object>
	<object>
		<name>Downy Mildew</name>
		<pose>Unspecified</pose>
		<truncated>0</truncated>
		<difficult>0</difficult>
		<occluded>0</occluded>
		<bndbox>
			<xmin>25</xmin>
			<xmax>253</xmax>
			<ymin>234</ymin>
			<ymax>371</ymax>
		</bndbox>
	</object>
</annotation>
