<annotation>
	<folder></folder>
	<filename>IMG_20220222_095549_jpg.rf.18ca920c92db3474436e511cc49d2ddd.jpg</filename>
	<path>IMG_20220222_095549_jpg.rf.18ca920c92db3474436e511cc49d2ddd.jpg</path>
	<source>
		<database>roboflow.ai</database>
	</source>
	<size>
		<width>416</width>
		<height>416</height>
		<depth>3</depth>
	</size>
	<segmented>0</segmented>
	<object>
		<name>Downy Mildew</name>
		<pose>Unspecified</pose>
		<truncated>0</truncated>
		<difficult>0</difficult>
		<occluded>0</occluded>
		<bndbox>
			<xmin>63</xmin>
			<xmax>194</xmax>
			<ymin>137</ymin>
			<ymax>290</ymax>
		</bndbox>
	</object>
	<object>
		<name>Downy Mildew</name>
		<pose>Unspecified</pose>
		<truncated>0</truncated>
		<difficult>0</difficult>
		<occluded>0</occluded>
		<bndbox>
			<xmin>321</xmin>
			<xmax>367</xmax>
			<ymin>317</ymin>
			<ymax>344</ymax>
		</bndbox>
	</object>
</annotation>
