<annotation>
	<folder></folder>
	<filename>IMG_20220222_100124_jpg.rf.cf831911384dcb4e23636f553d0db1c1.jpg</filename>
	<path>IMG_20220222_100124_jpg.rf.cf831911384dcb4e23636f553d0db1c1.jpg</path>
	<source>
		<database>roboflow.ai</database>
	</source>
	<size>
		<width>416</width>
		<height>416</height>
		<depth>3</depth>
	</size>
	<segmented>0</segmented>
	<object>
		<name>Powdery Mildew</name>
		<pose>Unspecified</pose>
		<truncated>0</truncated>
		<difficult>0</difficult>
		<occluded>0</occluded>
		<bndbox>
			<xmin>129</xmin>
			<xmax>287</xmax>
			<ymin>149</ymin>
			<ymax>399</ymax>
		</bndbox>
	</object>
</annotation>
