<annotation>
	<folder></folder>
	<filename>IMG_20220222_090544_jpg.rf.dd1f85e0d9499bed197f69b8ea243ed4.jpg</filename>
	<path>IMG_20220222_090544_jpg.rf.dd1f85e0d9499bed197f69b8ea243ed4.jpg</path>
	<source>
		<database>roboflow.ai</database>
	</source>
	<size>
		<width>416</width>
		<height>416</height>
		<depth>3</depth>
	</size>
	<segmented>0</segmented>
	<object>
		<name>Powdery Mildew</name>
		<pose>Unspecified</pose>
		<truncated>0</truncated>
		<difficult>0</difficult>
		<occluded>0</occluded>
		<bndbox>
			<xmin>26</xmin>
			<xmax>379</xmax>
			<ymin>96</ymin>
			<ymax>390</ymax>
		</bndbox>
	</object>
</annotation>
