<annotation>
	<folder></folder>
	<filename>IMG_20220222_102603_jpg.rf.85fa43b20b6d05065aae61d34763dfd1.jpg</filename>
	<path>IMG_20220222_102603_jpg.rf.85fa43b20b6d05065aae61d34763dfd1.jpg</path>
	<source>
		<database>roboflow.ai</database>
	</source>
	<size>
		<width>416</width>
		<height>416</height>
		<depth>3</depth>
	</size>
	<segmented>0</segmented>
	<object>
		<name>Powdery Mildew</name>
		<pose>Unspecified</pose>
		<truncated>0</truncated>
		<difficult>0</difficult>
		<occluded>0</occluded>
		<bndbox>
			<xmin>40</xmin>
			<xmax>398</xmax>
			<ymin>70</ymin>
			<ymax>396</ymax>
		</bndbox>
	</object>
	<object>
		<name>Downy Mildew</name>
		<pose>Unspecified</pose>
		<truncated>0</truncated>
		<difficult>0</difficult>
		<occluded>0</occluded>
		<bndbox>
			<xmin>55</xmin>
			<xmax>109</xmax>
			<ymin>274</ymin>
			<ymax>329</ymax>
		</bndbox>
	</object>
</annotation>
