<annotation>
	<folder></folder>
	<filename>IMG_20220222_092638_jpg.rf.b7432367175e7c107925c2e64ee57fa9.jpg</filename>
	<path>IMG_20220222_092638_jpg.rf.b7432367175e7c107925c2e64ee57fa9.jpg</path>
	<source>
		<database>roboflow.ai</database>
	</source>
	<size>
		<width>416</width>
		<height>416</height>
		<depth>3</depth>
	</size>
	<segmented>0</segmented>
	<object>
		<name>Downy Mildew</name>
		<pose>Unspecified</pose>
		<truncated>0</truncated>
		<difficult>0</difficult>
		<occluded>0</occluded>
		<bndbox>
			<xmin>334</xmin>
			<xmax>408</xmax>
			<ymin>222</ymin>
			<ymax>264</ymax>
		</bndbox>
	</object>
	<object>
		<name>Downy Mildew</name>
		<pose>Unspecified</pose>
		<truncated>0</truncated>
		<difficult>0</difficult>
		<occluded>0</occluded>
		<bndbox>
			<xmin>223</xmin>
			<xmax>282</xmax>
			<ymin>199</ymin>
			<ymax>318</ymax>
		</bndbox>
	</object>
</annotation>
