<annotation>
	<folder></folder>
	<filename>IMG_20220222_091715_jpg.rf.f634962e7ab01f5eefc4a96d40ac14fb.jpg</filename>
	<path>IMG_20220222_091715_jpg.rf.f634962e7ab01f5eefc4a96d40ac14fb.jpg</path>
	<source>
		<database>roboflow.ai</database>
	</source>
	<size>
		<width>416</width>
		<height>416</height>
		<depth>3</depth>
	</size>
	<segmented>0</segmented>
	<object>
		<name>Downy Mildew</name>
		<pose>Unspecified</pose>
		<truncated>0</truncated>
		<difficult>0</difficult>
		<occluded>0</occluded>
		<bndbox>
			<xmin>69</xmin>
			<xmax>110</xmax>
			<ymin>302</ymin>
			<ymax>331</ymax>
		</bndbox>
	</object>
</annotation>
