<annotation>
	<folder></folder>
	<filename>IMG_20220222_102344_jpg.rf.4d4624b56b4b13d2997a69211d80c98f.jpg</filename>
	<path>IMG_20220222_102344_jpg.rf.4d4624b56b4b13d2997a69211d80c98f.jpg</path>
	<source>
		<database>roboflow.ai</database>
	</source>
	<size>
		<width>416</width>
		<height>416</height>
		<depth>3</depth>
	</size>
	<segmented>0</segmented>
	<object>
		<name>Powdery Mildew</name>
		<pose>Unspecified</pose>
		<truncated>0</truncated>
		<difficult>0</difficult>
		<occluded>0</occluded>
		<bndbox>
			<xmin>1</xmin>
			<xmax>416</xmax>
			<ymin>122</ymin>
			<ymax>357</ymax>
		</bndbox>
	</object>
</annotation>
