<annotation>
	<folder></folder>
	<filename>IMG_20220222_102330_jpg.rf.fb5f61d9cb258103327d7e92099b59a4.jpg</filename>
	<path>IMG_20220222_102330_jpg.rf.fb5f61d9cb258103327d7e92099b59a4.jpg</path>
	<source>
		<database>roboflow.ai</database>
	</source>
	<size>
		<width>416</width>
		<height>416</height>
		<depth>3</depth>
	</size>
	<segmented>0</segmented>
	<object>
		<name>Powdery Mildew</name>
		<pose>Unspecified</pose>
		<truncated>0</truncated>
		<difficult>0</difficult>
		<occluded>0</occluded>
		<bndbox>
			<xmin>67</xmin>
			<xmax>358</xmax>
			<ymin>109</ymin>
			<ymax>371</ymax>
		</bndbox>
	</object>
</annotation>
