<annotation>
	<folder></folder>
	<filename>IMG_20220222_103306_jpg.rf.a6f45ad9b9fa146702430afbd66ce1ba.jpg</filename>
	<path>IMG_20220222_103306_jpg.rf.a6f45ad9b9fa146702430afbd66ce1ba.jpg</path>
	<source>
		<database>roboflow.ai</database>
	</source>
	<size>
		<width>416</width>
		<height>416</height>
		<depth>3</depth>
	</size>
	<segmented>0</segmented>
	<object>
		<name>Powdery Mildew</name>
		<pose>Unspecified</pose>
		<truncated>0</truncated>
		<difficult>0</difficult>
		<occluded>0</occluded>
		<bndbox>
			<xmin>117</xmin>
			<xmax>260</xmax>
			<ymin>105</ymin>
			<ymax>311</ymax>
		</bndbox>
	</object>
	<object>
		<name>Downy Mildew</name>
		<pose>Unspecified</pose>
		<truncated>0</truncated>
		<difficult>0</difficult>
		<occluded>0</occluded>
		<bndbox>
			<xmin>113</xmin>
			<xmax>203</xmax>
			<ymin>175</ymin>
			<ymax>272</ymax>
		</bndbox>
	</object>
</annotation>
