<annotation>
	<folder></folder>
	<filename>IMG_20220222_091146_jpg.rf.51be9a39f8f66740b3602f7c39b22543.jpg</filename>
	<path>IMG_20220222_091146_jpg.rf.51be9a39f8f66740b3602f7c39b22543.jpg</path>
	<source>
		<database>roboflow.ai</database>
	</source>
	<size>
		<width>416</width>
		<height>416</height>
		<depth>3</depth>
	</size>
	<segmented>0</segmented>
	<object>
		<name>Downy Mildew</name>
		<pose>Unspecified</pose>
		<truncated>0</truncated>
		<difficult>0</difficult>
		<occluded>0</occluded>
		<bndbox>
			<xmin>195</xmin>
			<xmax>364</xmax>
			<ymin>92</ymin>
			<ymax>229</ymax>
		</bndbox>
	</object>
</annotation>
