<annotation>
	<folder></folder>
	<filename>IMG_20220222_102340_jpg.rf.2974f0f8ef2b40aae1804f779d978f54.jpg</filename>
	<path>IMG_20220222_102340_jpg.rf.2974f0f8ef2b40aae1804f779d978f54.jpg</path>
	<source>
		<database>roboflow.ai</database>
	</source>
	<size>
		<width>416</width>
		<height>416</height>
		<depth>3</depth>
	</size>
	<segmented>0</segmented>
	<object>
		<name>Powdery Mildew</name>
		<pose>Unspecified</pose>
		<truncated>0</truncated>
		<difficult>0</difficult>
		<occluded>0</occluded>
		<bndbox>
			<xmin>32</xmin>
			<xmax>334</xmax>
			<ymin>85</ymin>
			<ymax>289</ymax>
		</bndbox>
	</object>
</annotation>
