<annotation>
	<folder></folder>
	<filename>IMG_20220222_103246_jpg.rf.786fd2145b70ae167301c77a124f9e3d.jpg</filename>
	<path>IMG_20220222_103246_jpg.rf.786fd2145b70ae167301c77a124f9e3d.jpg</path>
	<source>
		<database>roboflow.ai</database>
	</source>
	<size>
		<width>416</width>
		<height>416</height>
		<depth>3</depth>
	</size>
	<segmented>0</segmented>
	<object>
		<name>Powdery Mildew</name>
		<pose>Unspecified</pose>
		<truncated>0</truncated>
		<difficult>0</difficult>
		<occluded>0</occluded>
		<bndbox>
			<xmin>81</xmin>
			<xmax>303</xmax>
			<ymin>94</ymin>
			<ymax>279</ymax>
		</bndbox>
	</object>
	<object>
		<name>Downy Mildew</name>
		<pose>Unspecified</pose>
		<truncated>0</truncated>
		<difficult>0</difficult>
		<occluded>0</occluded>
		<bndbox>
			<xmin>353</xmin>
			<xmax>416</xmax>
			<ymin>260</ymin>
			<ymax>296</ymax>
		</bndbox>
	</object>
	<object>
		<name>Powdery Mildew</name>
		<pose>Unspecified</pose>
		<truncated>0</truncated>
		<difficult>0</difficult>
		<occluded>0</occluded>
		<bndbox>
			<xmin>223</xmin>
			<xmax>399</xmax>
			<ymin>297</ymin>
			<ymax>416</ymax>
		</bndbox>
	</object>
</annotation>
