<annotation>
	<folder></folder>
	<filename>IMG_20220222_092006_jpg.rf.c812f21d5cab02b652eff4e9a347e5ae.jpg</filename>
	<path>IMG_20220222_092006_jpg.rf.c812f21d5cab02b652eff4e9a347e5ae.jpg</path>
	<source>
		<database>roboflow.ai</database>
	</source>
	<size>
		<width>416</width>
		<height>416</height>
		<depth>3</depth>
	</size>
	<segmented>0</segmented>
	<object>
		<name>Downy Mildew</name>
		<pose>Unspecified</pose>
		<truncated>0</truncated>
		<difficult>0</difficult>
		<occluded>0</occluded>
		<bndbox>
			<xmin>190</xmin>
			<xmax>236</xmax>
			<ymin>161</ymin>
			<ymax>188</ymax>
		</bndbox>
	</object>
	<object>
		<name>Downy Mildew</name>
		<pose>Unspecified</pose>
		<truncated>0</truncated>
		<difficult>0</difficult>
		<occluded>0</occluded>
		<bndbox>
			<xmin>124</xmin>
			<xmax>222</xmax>
			<ymin>304</ymin>
			<ymax>375</ymax>
		</bndbox>
	</object>
	<object>
		<name>Downy Mildew</name>
		<pose>Unspecified</pose>
		<truncated>0</truncated>
		<difficult>0</difficult>
		<occluded>0</occluded>
		<bndbox>
			<xmin>129</xmin>
			<xmax>224</xmax>
			<ymin>65</ymin>
			<ymax>116</ymax>
		</bndbox>
	</object>
</annotation>
