<annotation>
	<folder></folder>
	<filename>IMG_20220222_092110_jpg.rf.2bca8e429fec773515df1fe08db817ac.jpg</filename>
	<path>IMG_20220222_092110_jpg.rf.2bca8e429fec773515df1fe08db817ac.jpg</path>
	<source>
		<database>roboflow.ai</database>
	</source>
	<size>
		<width>416</width>
		<height>416</height>
		<depth>3</depth>
	</size>
	<segmented>0</segmented>
	<object>
		<name>Downy Mildew</name>
		<pose>Unspecified</pose>
		<truncated>0</truncated>
		<difficult>0</difficult>
		<occluded>0</occluded>
		<bndbox>
			<xmin>200</xmin>
			<xmax>314</xmax>
			<ymin>177</ymin>
			<ymax>300</ymax>
		</bndbox>
	</object>
</annotation>
