<annotation>
	<folder></folder>
	<filename>IMG_20220222_102553_jpg.rf.cec3d8fd5348b82d519da16ed7f49144.jpg</filename>
	<path>IMG_20220222_102553_jpg.rf.cec3d8fd5348b82d519da16ed7f49144.jpg</path>
	<source>
		<database>roboflow.ai</database>
	</source>
	<size>
		<width>416</width>
		<height>416</height>
		<depth>3</depth>
	</size>
	<segmented>0</segmented>
	<object>
		<name>Downy Mildew</name>
		<pose>Unspecified</pose>
		<truncated>0</truncated>
		<difficult>0</difficult>
		<occluded>0</occluded>
		<bndbox>
			<xmin>43</xmin>
			<xmax>82</xmax>
			<ymin>197</ymin>
			<ymax>221</ymax>
		</bndbox>
	</object>
	<object>
		<name>Powdery Mildew</name>
		<pose>Unspecified</pose>
		<truncated>0</truncated>
		<difficult>0</difficult>
		<occluded>0</occluded>
		<bndbox>
			<xmin>42</xmin>
			<xmax>416</xmax>
			<ymin>59</ymin>
			<ymax>375</ymax>
		</bndbox>
	</object>
	<object>
		<name>Downy Mildew</name>
		<pose>Unspecified</pose>
		<truncated>0</truncated>
		<difficult>0</difficult>
		<occluded>0</occluded>
		<bndbox>
			<xmin>92</xmin>
			<xmax>112</xmax>
			<ymin>245</ymin>
			<ymax>265</ymax>
		</bndbox>
	</object>
	<object>
		<name>Downy Mildew</name>
		<pose>Unspecified</pose>
		<truncated>0</truncated>
		<difficult>0</difficult>
		<occluded>0</occluded>
		<bndbox>
			<xmin>270</xmin>
			<xmax>310</xmax>
			<ymin>77</ymin>
			<ymax>131</ymax>
		</bndbox>
	</object>
</annotation>
