<annotation>
	<folder></folder>
	<filename>IMG_20220222_103246_jpg.rf.40c759fbc326d96506dfcef2a7eca4f0.jpg</filename>
	<path>IMG_20220222_103246_jpg.rf.40c759fbc326d96506dfcef2a7eca4f0.jpg</path>
	<source>
		<database>roboflow.ai</database>
	</source>
	<size>
		<width>416</width>
		<height>416</height>
		<depth>3</depth>
	</size>
	<segmented>0</segmented>
	<object>
		<name>Powdery Mildew</name>
		<pose>Unspecified</pose>
		<truncated>0</truncated>
		<difficult>0</difficult>
		<occluded>0</occluded>
		<bndbox>
			<xmin>50</xmin>
			<xmax>330</xmax>
			<ymin>69</ymin>
			<ymax>350</ymax>
		</bndbox>
	</object>
</annotation>
