<annotation>
	<folder></folder>
	<filename>IMG_20220222_102600_jpg.rf.58fe4d81e11c2c00e900824973e574e3.jpg</filename>
	<path>IMG_20220222_102600_jpg.rf.58fe4d81e11c2c00e900824973e574e3.jpg</path>
	<source>
		<database>roboflow.ai</database>
	</source>
	<size>
		<width>416</width>
		<height>416</height>
		<depth>3</depth>
	</size>
	<segmented>0</segmented>
	<object>
		<name>Downy Mildew</name>
		<pose>Unspecified</pose>
		<truncated>0</truncated>
		<difficult>0</difficult>
		<occluded>0</occluded>
		<bndbox>
			<xmin>296</xmin>
			<xmax>375</xmax>
			<ymin>144</ymin>
			<ymax>190</ymax>
		</bndbox>
	</object>
	<object>
		<name>Downy Mildew</name>
		<pose>Unspecified</pose>
		<truncated>0</truncated>
		<difficult>0</difficult>
		<occluded>0</occluded>
		<bndbox>
			<xmin>17</xmin>
			<xmax>96</xmax>
			<ymin>197</ymin>
			<ymax>249</ymax>
		</bndbox>
	</object>
	<object>
		<name>Powdery Mildew</name>
		<pose>Unspecified</pose>
		<truncated>0</truncated>
		<difficult>0</difficult>
		<occluded>0</occluded>
		<bndbox>
			<xmin>33</xmin>
			<xmax>417</xmax>
			<ymin>54</ymin>
			<ymax>417</ymax>
		</bndbox>
	</object>
</annotation>
