<annotation>
	<folder></folder>
	<filename>IMG_20220222_103248_jpg.rf.fc37a6911f238bd3bf65a4025429b8f2.jpg</filename>
	<path>IMG_20220222_103248_jpg.rf.fc37a6911f238bd3bf65a4025429b8f2.jpg</path>
	<source>
		<database>roboflow.ai</database>
	</source>
	<size>
		<width>416</width>
		<height>416</height>
		<depth>3</depth>
	</size>
	<segmented>0</segmented>
	<object>
		<name>Powdery Mildew</name>
		<pose>Unspecified</pose>
		<truncated>0</truncated>
		<difficult>0</difficult>
		<occluded>0</occluded>
		<bndbox>
			<xmin>23</xmin>
			<xmax>395</xmax>
			<ymin>76</ymin>
			<ymax>351</ymax>
		</bndbox>
	</object>
</annotation>
