<annotation>
	<folder></folder>
	<filename>IMG_20220222_095818_jpg.rf.c09877b55ec82d5bf40b7c7d04415ec4.jpg</filename>
	<path>IMG_20220222_095818_jpg.rf.c09877b55ec82d5bf40b7c7d04415ec4.jpg</path>
	<source>
		<database>roboflow.ai</database>
	</source>
	<size>
		<width>416</width>
		<height>416</height>
		<depth>3</depth>
	</size>
	<segmented>0</segmented>
	<object>
		<name>Powdery Mildew</name>
		<pose>Unspecified</pose>
		<truncated>0</truncated>
		<difficult>0</difficult>
		<occluded>0</occluded>
		<bndbox>
			<xmin>76</xmin>
			<xmax>356</xmax>
			<ymin>105</ymin>
			<ymax>380</ymax>
		</bndbox>
	</object>
</annotation>
