<annotation>
	<folder></folder>
	<filename>IMG_20220222_091431_jpg.rf.108556ceee9b18514b5007d1bd6ba0bf.jpg</filename>
	<path>IMG_20220222_091431_jpg.rf.108556ceee9b18514b5007d1bd6ba0bf.jpg</path>
	<source>
		<database>roboflow.ai</database>
	</source>
	<size>
		<width>416</width>
		<height>416</height>
		<depth>3</depth>
	</size>
	<segmented>0</segmented>
	<object>
		<name>Powdery Mildew</name>
		<pose>Unspecified</pose>
		<truncated>0</truncated>
		<difficult>0</difficult>
		<occluded>0</occluded>
		<bndbox>
			<xmin>11</xmin>
			<xmax>332</xmax>
			<ymin>117</ymin>
			<ymax>357</ymax>
		</bndbox>
	</object>
	<object>
		<name>Powdery Mildew</name>
		<pose>Unspecified</pose>
		<truncated>0</truncated>
		<difficult>0</difficult>
		<occluded>0</occluded>
		<bndbox>
			<xmin>6</xmin>
			<xmax>178</xmax>
			<ymin>11</ymin>
			<ymax>111</ymax>
		</bndbox>
	</object>
</annotation>
