<annotation>
	<folder></folder>
	<filename>IMG_20220222_102610_jpg.rf.97ace61cfbf960085a4771c3784779c6.jpg</filename>
	<path>IMG_20220222_102610_jpg.rf.97ace61cfbf960085a4771c3784779c6.jpg</path>
	<source>
		<database>roboflow.ai</database>
	</source>
	<size>
		<width>416</width>
		<height>416</height>
		<depth>3</depth>
	</size>
	<segmented>0</segmented>
	<object>
		<name>Downy Mildew</name>
		<pose>Unspecified</pose>
		<truncated>0</truncated>
		<difficult>0</difficult>
		<occluded>0</occluded>
		<bndbox>
			<xmin>198</xmin>
			<xmax>239</xmax>
			<ymin>91</ymin>
			<ymax>180</ymax>
		</bndbox>
	</object>
	<object>
		<name>Powdery Mildew</name>
		<pose>Unspecified</pose>
		<truncated>0</truncated>
		<difficult>0</difficult>
		<occluded>0</occluded>
		<bndbox>
			<xmin>15</xmin>
			<xmax>416</xmax>
			<ymin>76</ymin>
			<ymax>405</ymax>
		</bndbox>
	</object>
	<object>
		<name>Downy Mildew</name>
		<pose>Unspecified</pose>
		<truncated>0</truncated>
		<difficult>0</difficult>
		<occluded>0</occluded>
		<bndbox>
			<xmin>14</xmin>
			<xmax>57</xmax>
			<ymin>280</ymin>
			<ymax>316</ymax>
		</bndbox>
	</object>
</annotation>
