<annotation>
	<folder></folder>
	<filename>IMG_20220222_103259_jpg.rf.b5a3e83f7000469a605b2a3a34deba4a.jpg</filename>
	<path>IMG_20220222_103259_jpg.rf.b5a3e83f7000469a605b2a3a34deba4a.jpg</path>
	<source>
		<database>roboflow.ai</database>
	</source>
	<size>
		<width>416</width>
		<height>416</height>
		<depth>3</depth>
	</size>
	<segmented>0</segmented>
	<object>
		<name>Downy Mildew</name>
		<pose>Unspecified</pose>
		<truncated>0</truncated>
		<difficult>0</difficult>
		<occluded>0</occluded>
		<bndbox>
			<xmin>272</xmin>
			<xmax>341</xmax>
			<ymin>86</ymin>
			<ymax>142</ymax>
		</bndbox>
	</object>
	<object>
		<name>Powdery Mildew</name>
		<pose>Unspecified</pose>
		<truncated>0</truncated>
		<difficult>0</difficult>
		<occluded>0</occluded>
		<bndbox>
			<xmin>54</xmin>
			<xmax>350</xmax>
			<ymin>70</ymin>
			<ymax>293</ymax>
		</bndbox>
	</object>
</annotation>
