<annotation>
	<folder></folder>
	<filename>IMG_20220222_102427_jpg.rf.f0e11d140d9a11c18a6a51480daaa205.jpg</filename>
	<path>IMG_20220222_102427_jpg.rf.f0e11d140d9a11c18a6a51480daaa205.jpg</path>
	<source>
		<database>roboflow.ai</database>
	</source>
	<size>
		<width>416</width>
		<height>416</height>
		<depth>3</depth>
	</size>
	<segmented>0</segmented>
	<object>
		<name>Powdery Mildew</name>
		<pose>Unspecified</pose>
		<truncated>0</truncated>
		<difficult>0</difficult>
		<occluded>0</occluded>
		<bndbox>
			<xmin>11</xmin>
			<xmax>416</xmax>
			<ymin>30</ymin>
			<ymax>366</ymax>
		</bndbox>
	</object>
	<object>
		<name>Powdery Mildew</name>
		<pose>Unspecified</pose>
		<truncated>0</truncated>
		<difficult>0</difficult>
		<occluded>0</occluded>
		<bndbox>
			<xmin>1</xmin>
			<xmax>153</xmax>
			<ymin>307</ymin>
			<ymax>416</ymax>
		</bndbox>
	</object>
</annotation>
