<annotation>
	<folder></folder>
	<filename>IMG_20220222_090910_jpg.rf.c70cc7262563cf005be43b9e744a4f80.jpg</filename>
	<path>IMG_20220222_090910_jpg.rf.c70cc7262563cf005be43b9e744a4f80.jpg</path>
	<source>
		<database>roboflow.ai</database>
	</source>
	<size>
		<width>416</width>
		<height>416</height>
		<depth>3</depth>
	</size>
	<segmented>0</segmented>
	<object>
		<name>Powdery Mildew</name>
		<pose>Unspecified</pose>
		<truncated>0</truncated>
		<difficult>0</difficult>
		<occluded>0</occluded>
		<bndbox>
			<xmin>49</xmin>
			<xmax>373</xmax>
			<ymin>122</ymin>
			<ymax>330</ymax>
		</bndbox>
	</object>
</annotation>
