<annotation>
	<folder></folder>
	<filename>IMG_20220222_093753_jpg.rf.1334ba88a8f03e0a92c49d839db7f344.jpg</filename>
	<path>IMG_20220222_093753_jpg.rf.1334ba88a8f03e0a92c49d839db7f344.jpg</path>
	<source>
		<database>roboflow.ai</database>
	</source>
	<size>
		<width>416</width>
		<height>416</height>
		<depth>3</depth>
	</size>
	<segmented>0</segmented>
	<object>
		<name>Downy Mildew</name>
		<pose>Unspecified</pose>
		<truncated>0</truncated>
		<difficult>0</difficult>
		<occluded>0</occluded>
		<bndbox>
			<xmin>272</xmin>
			<xmax>406</xmax>
			<ymin>113</ymin>
			<ymax>207</ymax>
		</bndbox>
	</object>
	<object>
		<name>Downy Mildew</name>
		<pose>Unspecified</pose>
		<truncated>0</truncated>
		<difficult>0</difficult>
		<occluded>0</occluded>
		<bndbox>
			<xmin>91</xmin>
			<xmax>232</xmax>
			<ymin>124</ymin>
			<ymax>264</ymax>
		</bndbox>
	</object>
</annotation>
