<annotation>
	<folder></folder>
	<filename>IMG_20220222_093807_jpg.rf.21f6322e276b8388c12c33635f3434e3.jpg</filename>
	<path>IMG_20220222_093807_jpg.rf.21f6322e276b8388c12c33635f3434e3.jpg</path>
	<source>
		<database>roboflow.ai</database>
	</source>
	<size>
		<width>416</width>
		<height>416</height>
		<depth>3</depth>
	</size>
	<segmented>0</segmented>
	<object>
		<name>Downy Mildew</name>
		<pose>Unspecified</pose>
		<truncated>0</truncated>
		<difficult>0</difficult>
		<occluded>0</occluded>
		<bndbox>
			<xmin>3</xmin>
			<xmax>255</xmax>
			<ymin>90</ymin>
			<ymax>360</ymax>
		</bndbox>
	</object>
	<object>
		<name>Downy Mildew</name>
		<pose>Unspecified</pose>
		<truncated>0</truncated>
		<difficult>0</difficult>
		<occluded>0</occluded>
		<bndbox>
			<xmin>301</xmin>
			<xmax>410</xmax>
			<ymin>276</ymin>
			<ymax>391</ymax>
		</bndbox>
	</object>
</annotation>
