<annotation>
	<folder></folder>
	<filename>IMG_20220222_102844_jpg.rf.b01caf468ed30e6b79d39c9f6be91666.jpg</filename>
	<path>IMG_20220222_102844_jpg.rf.b01caf468ed30e6b79d39c9f6be91666.jpg</path>
	<source>
		<database>roboflow.ai</database>
	</source>
	<size>
		<width>416</width>
		<height>416</height>
		<depth>3</depth>
	</size>
	<segmented>0</segmented>
	<object>
		<name>Downy Mildew</name>
		<pose>Unspecified</pose>
		<truncated>0</truncated>
		<difficult>0</difficult>
		<occluded>0</occluded>
		<bndbox>
			<xmin>274</xmin>
			<xmax>349</xmax>
			<ymin>215</ymin>
			<ymax>277</ymax>
		</bndbox>
	</object>
	<object>
		<name>Downy Mildew</name>
		<pose>Unspecified</pose>
		<truncated>0</truncated>
		<difficult>0</difficult>
		<occluded>0</occluded>
		<bndbox>
			<xmin>330</xmin>
			<xmax>392</xmax>
			<ymin>29</ymin>
			<ymax>78</ymax>
		</bndbox>
	</object>
</annotation>
