<annotation>
	<folder></folder>
	<filename>IMG_20220222_093905_jpg.rf.654c825f60f20b5da30a1a14df70374d.jpg</filename>
	<path>IMG_20220222_093905_jpg.rf.654c825f60f20b5da30a1a14df70374d.jpg</path>
	<source>
		<database>roboflow.ai</database>
	</source>
	<size>
		<width>416</width>
		<height>416</height>
		<depth>3</depth>
	</size>
	<segmented>0</segmented>
	<object>
		<name>Downy Mildew</name>
		<pose>Unspecified</pose>
		<truncated>0</truncated>
		<difficult>0</difficult>
		<occluded>0</occluded>
		<bndbox>
			<xmin>292</xmin>
			<xmax>331</xmax>
			<ymin>285</ymin>
			<ymax>306</ymax>
		</bndbox>
	</object>
	<object>
		<name>Downy Mildew</name>
		<pose>Unspecified</pose>
		<truncated>0</truncated>
		<difficult>0</difficult>
		<occluded>0</occluded>
		<bndbox>
			<xmin>180</xmin>
			<xmax>197</xmax>
			<ymin>302</ymin>
			<ymax>324</ymax>
		</bndbox>
	</object>
	<object>
		<name>Downy Mildew</name>
		<pose>Unspecified</pose>
		<truncated>0</truncated>
		<difficult>0</difficult>
		<occluded>0</occluded>
		<bndbox>
			<xmin>280</xmin>
			<xmax>323</xmax>
			<ymin>310</ymin>
			<ymax>326</ymax>
		</bndbox>
	</object>
	<object>
		<name>Downy Mildew</name>
		<pose>Unspecified</pose>
		<truncated>0</truncated>
		<difficult>0</difficult>
		<occluded>0</occluded>
		<bndbox>
			<xmin>118</xmin>
			<xmax>130</xmax>
			<ymin>89</ymin>
			<ymax>101</ymax>
		</bndbox>
	</object>
</annotation>
