<annotation>
	<folder></folder>
	<filename>IMG_20220222_091544_jpg.rf.dcec72614462254919a056475e4ebaef.jpg</filename>
	<path>IMG_20220222_091544_jpg.rf.dcec72614462254919a056475e4ebaef.jpg</path>
	<source>
		<database>roboflow.ai</database>
	</source>
	<size>
		<width>416</width>
		<height>416</height>
		<depth>3</depth>
	</size>
	<segmented>0</segmented>
	<object>
		<name>Powdery Mildew</name>
		<pose>Unspecified</pose>
		<truncated>0</truncated>
		<difficult>0</difficult>
		<occluded>0</occluded>
		<bndbox>
			<xmin>47</xmin>
			<xmax>337</xmax>
			<ymin>134</ymin>
			<ymax>298</ymax>
		</bndbox>
	</object>
</annotation>
