<annotation>
	<folder></folder>
	<filename>IMG_20220222_102413_jpg.rf.efee003f246f7628dfa3030d8b6275e9.jpg</filename>
	<path>IMG_20220222_102413_jpg.rf.efee003f246f7628dfa3030d8b6275e9.jpg</path>
	<source>
		<database>roboflow.ai</database>
	</source>
	<size>
		<width>416</width>
		<height>416</height>
		<depth>3</depth>
	</size>
	<segmented>0</segmented>
	<object>
		<name>Downy Mildew</name>
		<pose>Unspecified</pose>
		<truncated>0</truncated>
		<difficult>0</difficult>
		<occluded>0</occluded>
		<bndbox>
			<xmin>108</xmin>
			<xmax>293</xmax>
			<ymin>162</ymin>
			<ymax>273</ymax>
		</bndbox>
	</object>
	<object>
		<name>Downy Mildew</name>
		<pose>Unspecified</pose>
		<truncated>0</truncated>
		<difficult>0</difficult>
		<occluded>0</occluded>
		<bndbox>
			<xmin>1</xmin>
			<xmax>102</xmax>
			<ymin>202</ymin>
			<ymax>327</ymax>
		</bndbox>
	</object>
</annotation>
