<annotation>
	<folder></folder>
	<filename>IMG_20220222_090437_jpg.rf.5659d9c75acf9cd345fde4e0011c16e1.jpg</filename>
	<path>IMG_20220222_090437_jpg.rf.5659d9c75acf9cd345fde4e0011c16e1.jpg</path>
	<source>
		<database>roboflow.ai</database>
	</source>
	<size>
		<width>416</width>
		<height>416</height>
		<depth>3</depth>
	</size>
	<segmented>0</segmented>
	<object>
		<name>Powdery Mildew</name>
		<pose>Unspecified</pose>
		<truncated>0</truncated>
		<difficult>0</difficult>
		<occluded>0</occluded>
		<bndbox>
			<xmin>110</xmin>
			<xmax>206</xmax>
			<ymin>221</ymin>
			<ymax>288</ymax>
		</bndbox>
	</object>
	<object>
		<name>Powdery Mildew</name>
		<pose>Unspecified</pose>
		<truncated>0</truncated>
		<difficult>0</difficult>
		<occluded>0</occluded>
		<bndbox>
			<xmin>167</xmin>
			<xmax>231</xmax>
			<ymin>293</ymin>
			<ymax>349</ymax>
		</bndbox>
	</object>
	<object>
		<name>Downy Mildew</name>
		<pose>Unspecified</pose>
		<truncated>0</truncated>
		<difficult>0</difficult>
		<occluded>0</occluded>
		<bndbox>
			<xmin>1</xmin>
			<xmax>111</xmax>
			<ymin>327</ymin>
			<ymax>416</ymax>
		</bndbox>
	</object>
	<object>
		<name>Downy Mildew</name>
		<pose>Unspecified</pose>
		<truncated>0</truncated>
		<difficult>0</difficult>
		<occluded>0</occluded>
		<bndbox>
			<xmin>161</xmin>
			<xmax>255</xmax>
			<ymin>352</ymin>
			<ymax>400</ymax>
		</bndbox>
	</object>
</annotation>
