<annotation>
	<folder></folder>
	<filename>IMG_20220222_102450_jpg.rf.6e297c60959bf35e1f4845da5f14ca33.jpg</filename>
	<path>IMG_20220222_102450_jpg.rf.6e297c60959bf35e1f4845da5f14ca33.jpg</path>
	<source>
		<database>roboflow.ai</database>
	</source>
	<size>
		<width>416</width>
		<height>416</height>
		<depth>3</depth>
	</size>
	<segmented>0</segmented>
	<object>
		<name>Powdery Mildew</name>
		<pose>Unspecified</pose>
		<truncated>0</truncated>
		<difficult>0</difficult>
		<occluded>0</occluded>
		<bndbox>
			<xmin>98</xmin>
			<xmax>366</xmax>
			<ymin>100</ymin>
			<ymax>274</ymax>
		</bndbox>
	</object>
</annotation>
