<annotation>
	<folder></folder>
	<filename>IMG_20220222_103215_jpg.rf.beebf65b809336d77f58f9598a6ea0b8.jpg</filename>
	<path>IMG_20220222_103215_jpg.rf.beebf65b809336d77f58f9598a6ea0b8.jpg</path>
	<source>
		<database>roboflow.ai</database>
	</source>
	<size>
		<width>416</width>
		<height>416</height>
		<depth>3</depth>
	</size>
	<segmented>0</segmented>
	<object>
		<name>Powdery Mildew</name>
		<pose>Unspecified</pose>
		<truncated>0</truncated>
		<difficult>0</difficult>
		<occluded>0</occluded>
		<bndbox>
			<xmin>61</xmin>
			<xmax>352</xmax>
			<ymin>110</ymin>
			<ymax>323</ymax>
		</bndbox>
	</object>
</annotation>
