<annotation>
	<folder></folder>
	<filename>IMG_20220222_102450_jpg.rf.d41c8600c6748ac43d7dbc5165f643fd.jpg</filename>
	<path>IMG_20220222_102450_jpg.rf.d41c8600c6748ac43d7dbc5165f643fd.jpg</path>
	<source>
		<database>roboflow.ai</database>
	</source>
	<size>
		<width>416</width>
		<height>416</height>
		<depth>3</depth>
	</size>
	<segmented>0</segmented>
	<object>
		<name>Powdery Mildew</name>
		<pose>Unspecified</pose>
		<truncated>0</truncated>
		<difficult>0</difficult>
		<occluded>0</occluded>
		<bndbox>
			<xmin>26</xmin>
			<xmax>362</xmax>
			<ymin>55</ymin>
			<ymax>290</ymax>
		</bndbox>
	</object>
</annotation>
