<annotation>
	<folder></folder>
	<filename>IMG_20220222_095538_jpg.rf.63d225695bfbd83d99b32d25415c1e0a.jpg</filename>
	<path>IMG_20220222_095538_jpg.rf.63d225695bfbd83d99b32d25415c1e0a.jpg</path>
	<source>
		<database>roboflow.ai</database>
	</source>
	<size>
		<width>416</width>
		<height>416</height>
		<depth>3</depth>
	</size>
	<segmented>0</segmented>
	<object>
		<name>Downy Mildew</name>
		<pose>Unspecified</pose>
		<truncated>0</truncated>
		<difficult>0</difficult>
		<occluded>0</occluded>
		<bndbox>
			<xmin>25</xmin>
			<xmax>116</xmax>
			<ymin>128</ymin>
			<ymax>168</ymax>
		</bndbox>
	</object>
	<object>
		<name>Downy Mildew</name>
		<pose>Unspecified</pose>
		<truncated>0</truncated>
		<difficult>0</difficult>
		<occluded>0</occluded>
		<bndbox>
			<xmin>122</xmin>
			<xmax>384</xmax>
			<ymin>165</ymin>
			<ymax>339</ymax>
		</bndbox>
	</object>
	<object>
		<name>Downy Mildew</name>
		<pose>Unspecified</pose>
		<truncated>0</truncated>
		<difficult>0</difficult>
		<occluded>0</occluded>
		<bndbox>
			<xmin>172</xmin>
			<xmax>270</xmax>
			<ymin>46</ymin>
			<ymax>113</ymax>
		</bndbox>
	</object>
</annotation>
