<annotation>
	<folder></folder>
	<filename>IMG_20220222_102341_jpg.rf.496e3d78a0420331d4b582d59c0cef6f.jpg</filename>
	<path>IMG_20220222_102341_jpg.rf.496e3d78a0420331d4b582d59c0cef6f.jpg</path>
	<source>
		<database>roboflow.ai</database>
	</source>
	<size>
		<width>416</width>
		<height>416</height>
		<depth>3</depth>
	</size>
	<segmented>0</segmented>
	<object>
		<name>Downy Mildew</name>
		<pose>Unspecified</pose>
		<truncated>0</truncated>
		<difficult>0</difficult>
		<occluded>0</occluded>
		<bndbox>
			<xmin>1</xmin>
			<xmax>189</xmax>
			<ymin>193</ymin>
			<ymax>296</ymax>
		</bndbox>
	</object>
	<object>
		<name>Downy Mildew</name>
		<pose>Unspecified</pose>
		<truncated>0</truncated>
		<difficult>0</difficult>
		<occluded>0</occluded>
		<bndbox>
			<xmin>116</xmin>
			<xmax>287</xmax>
			<ymin>178</ymin>
			<ymax>338</ymax>
		</bndbox>
	</object>
</annotation>
