<annotation>
	<folder></folder>
	<filename>IMG_20220222_102605_jpg.rf.2cae9aaa49a2e741f11e324ce43b7106.jpg</filename>
	<path>IMG_20220222_102605_jpg.rf.2cae9aaa49a2e741f11e324ce43b7106.jpg</path>
	<source>
		<database>roboflow.ai</database>
	</source>
	<size>
		<width>416</width>
		<height>416</height>
		<depth>3</depth>
	</size>
	<segmented>0</segmented>
	<object>
		<name>Powdery Mildew</name>
		<pose>Unspecified</pose>
		<truncated>0</truncated>
		<difficult>0</difficult>
		<occluded>0</occluded>
		<bndbox>
			<xmin>96</xmin>
			<xmax>308</xmax>
			<ymin>116</ymin>
			<ymax>309</ymax>
		</bndbox>
	</object>
</annotation>
