<annotation>
	<folder></folder>
	<filename>IMG_20220222_090516_jpg.rf.0cf380d639a7e76db625f2be2355fc19.jpg</filename>
	<path>IMG_20220222_090516_jpg.rf.0cf380d639a7e76db625f2be2355fc19.jpg</path>
	<source>
		<database>roboflow.ai</database>
	</source>
	<size>
		<width>416</width>
		<height>416</height>
		<depth>3</depth>
	</size>
	<segmented>0</segmented>
	<object>
		<name>Powdery Mildew</name>
		<pose>Unspecified</pose>
		<truncated>0</truncated>
		<difficult>0</difficult>
		<occluded>0</occluded>
		<bndbox>
			<xmin>48</xmin>
			<xmax>321</xmax>
			<ymin>101</ymin>
			<ymax>333</ymax>
		</bndbox>
	</object>
</annotation>
