<annotation>
	<folder></folder>
	<filename>IMG_20220222_093443_jpg.rf.45b7b27ab727056e89dba33cc0a69818.jpg</filename>
	<path>IMG_20220222_093443_jpg.rf.45b7b27ab727056e89dba33cc0a69818.jpg</path>
	<source>
		<database>roboflow.ai</database>
	</source>
	<size>
		<width>416</width>
		<height>416</height>
		<depth>3</depth>
	</size>
	<segmented>0</segmented>
	<object>
		<name>Downy Mildew</name>
		<pose>Unspecified</pose>
		<truncated>0</truncated>
		<difficult>0</difficult>
		<occluded>0</occluded>
		<bndbox>
			<xmin>265</xmin>
			<xmax>298</xmax>
			<ymin>98</ymin>
			<ymax>121</ymax>
		</bndbox>
	</object>
	<object>
		<name>Downy Mildew</name>
		<pose>Unspecified</pose>
		<truncated>0</truncated>
		<difficult>0</difficult>
		<occluded>0</occluded>
		<bndbox>
			<xmin>70</xmin>
			<xmax>88</xmax>
			<ymin>284</ymin>
			<ymax>296</ymax>
		</bndbox>
	</object>
</annotation>
