<annotation>
	<folder></folder>
	<filename>IMG_20220222_095822_jpg.rf.3ccc20a4c55d9ccf59ef799772f0eb07.jpg</filename>
	<path>IMG_20220222_095822_jpg.rf.3ccc20a4c55d9ccf59ef799772f0eb07.jpg</path>
	<source>
		<database>roboflow.ai</database>
	</source>
	<size>
		<width>416</width>
		<height>416</height>
		<depth>3</depth>
	</size>
	<segmented>0</segmented>
	<object>
		<name>Powdery Mildew</name>
		<pose>Unspecified</pose>
		<truncated>0</truncated>
		<difficult>0</difficult>
		<occluded>0</occluded>
		<bndbox>
			<xmin>33</xmin>
			<xmax>392</xmax>
			<ymin>118</ymin>
			<ymax>387</ymax>
		</bndbox>
	</object>
</annotation>
