<annotation>
	<folder></folder>
	<filename>IMG_20220222_102756_jpg.rf.1411c642ec063acb93cde814271ee34f.jpg</filename>
	<path>IMG_20220222_102756_jpg.rf.1411c642ec063acb93cde814271ee34f.jpg</path>
	<source>
		<database>roboflow.ai</database>
	</source>
	<size>
		<width>416</width>
		<height>416</height>
		<depth>3</depth>
	</size>
	<segmented>0</segmented>
	<object>
		<name>Powdery Mildew</name>
		<pose>Unspecified</pose>
		<truncated>0</truncated>
		<difficult>0</difficult>
		<occluded>0</occluded>
		<bndbox>
			<xmin>115</xmin>
			<xmax>286</xmax>
			<ymin>148</ymin>
			<ymax>264</ymax>
		</bndbox>
	</object>
	<object>
		<name>Powdery Mildew</name>
		<pose>Unspecified</pose>
		<truncated>0</truncated>
		<difficult>0</difficult>
		<occluded>0</occluded>
		<bndbox>
			<xmin>167</xmin>
			<xmax>264</xmax>
			<ymin>271</ymin>
			<ymax>334</ymax>
		</bndbox>
	</object>
</annotation>
