<annotation>
	<folder></folder>
	<filename>IMG_20220222_091954_jpg.rf.fc9cedd255912c7b00dea3bf933c206a.jpg</filename>
	<path>IMG_20220222_091954_jpg.rf.fc9cedd255912c7b00dea3bf933c206a.jpg</path>
	<source>
		<database>roboflow.ai</database>
	</source>
	<size>
		<width>416</width>
		<height>416</height>
		<depth>3</depth>
	</size>
	<segmented>0</segmented>
	<object>
		<name>Downy Mildew</name>
		<pose>Unspecified</pose>
		<truncated>0</truncated>
		<difficult>0</difficult>
		<occluded>0</occluded>
		<bndbox>
			<xmin>90</xmin>
			<xmax>184</xmax>
			<ymin>194</ymin>
			<ymax>250</ymax>
		</bndbox>
	</object>
	<object>
		<name>Downy Mildew</name>
		<pose>Unspecified</pose>
		<truncated>0</truncated>
		<difficult>0</difficult>
		<occluded>0</occluded>
		<bndbox>
			<xmin>101</xmin>
			<xmax>260</xmax>
			<ymin>249</ymin>
			<ymax>391</ymax>
		</bndbox>
	</object>
	<object>
		<name>Downy Mildew</name>
		<pose>Unspecified</pose>
		<truncated>0</truncated>
		<difficult>0</difficult>
		<occluded>0</occluded>
		<bndbox>
			<xmin>257</xmin>
			<xmax>304</xmax>
			<ymin>347</ymin>
			<ymax>359</ymax>
		</bndbox>
	</object>
</annotation>
