<annotation>
	<folder></folder>
	<filename>IMG_20220222_095515_jpg.rf.13f255da62194199a2c2798d1ccc02e0.jpg</filename>
	<path>IMG_20220222_095515_jpg.rf.13f255da62194199a2c2798d1ccc02e0.jpg</path>
	<source>
		<database>roboflow.ai</database>
	</source>
	<size>
		<width>416</width>
		<height>416</height>
		<depth>3</depth>
	</size>
	<segmented>0</segmented>
	<object>
		<name>Downy Mildew</name>
		<pose>Unspecified</pose>
		<truncated>0</truncated>
		<difficult>0</difficult>
		<occluded>0</occluded>
		<bndbox>
			<xmin>23</xmin>
			<xmax>416</xmax>
			<ymin>70</ymin>
			<ymax>362</ymax>
		</bndbox>
	</object>
</annotation>
