<annotation>
	<folder></folder>
	<filename>IMG_20220222_095237_jpg.rf.cf762af8d3f29cc8c907c51cb1b25967.jpg</filename>
	<path>IMG_20220222_095237_jpg.rf.cf762af8d3f29cc8c907c51cb1b25967.jpg</path>
	<source>
		<database>roboflow.ai</database>
	</source>
	<size>
		<width>416</width>
		<height>416</height>
		<depth>3</depth>
	</size>
	<segmented>0</segmented>
	<object>
		<name>Powdery Mildew</name>
		<pose>Unspecified</pose>
		<truncated>0</truncated>
		<difficult>0</difficult>
		<occluded>0</occluded>
		<bndbox>
			<xmin>51</xmin>
			<xmax>360</xmax>
			<ymin>124</ymin>
			<ymax>355</ymax>
		</bndbox>
	</object>
</annotation>
