<annotation>
	<folder></folder>
	<filename>IMG_20220222_102854_jpg.rf.0c152310fd8a1cde9bf837d0fb0c41c0.jpg</filename>
	<path>IMG_20220222_102854_jpg.rf.0c152310fd8a1cde9bf837d0fb0c41c0.jpg</path>
	<source>
		<database>roboflow.ai</database>
	</source>
	<size>
		<width>416</width>
		<height>416</height>
		<depth>3</depth>
	</size>
	<segmented>0</segmented>
	<object>
		<name>Downy Mildew</name>
		<pose>Unspecified</pose>
		<truncated>0</truncated>
		<difficult>0</difficult>
		<occluded>0</occluded>
		<bndbox>
			<xmin>252</xmin>
			<xmax>364</xmax>
			<ymin>120</ymin>
			<ymax>155</ymax>
		</bndbox>
	</object>
	<object>
		<name>Downy Mildew</name>
		<pose>Unspecified</pose>
		<truncated>0</truncated>
		<difficult>0</difficult>
		<occluded>0</occluded>
		<bndbox>
			<xmin>171</xmin>
			<xmax>230</xmax>
			<ymin>176</ymin>
			<ymax>234</ymax>
		</bndbox>
	</object>
</annotation>
