<annotation>
	<folder></folder>
	<filename>IMG_20220222_092233_jpg.rf.554ec1a00a5d381d5d1f81fc3d182df0.jpg</filename>
	<path>IMG_20220222_092233_jpg.rf.554ec1a00a5d381d5d1f81fc3d182df0.jpg</path>
	<source>
		<database>roboflow.ai</database>
	</source>
	<size>
		<width>416</width>
		<height>416</height>
		<depth>3</depth>
	</size>
	<segmented>0</segmented>
	<object>
		<name>Downy Mildew</name>
		<pose>Unspecified</pose>
		<truncated>0</truncated>
		<difficult>0</difficult>
		<occluded>0</occluded>
		<bndbox>
			<xmin>1</xmin>
			<xmax>131</xmax>
			<ymin>183</ymin>
			<ymax>298</ymax>
		</bndbox>
	</object>
</annotation>
