<annotation>
	<folder></folder>
	<filename>IMG_20220222_102822_jpg.rf.4d5176992bd40c821e2f88d81145c0c2.jpg</filename>
	<path>IMG_20220222_102822_jpg.rf.4d5176992bd40c821e2f88d81145c0c2.jpg</path>
	<source>
		<database>roboflow.ai</database>
	</source>
	<size>
		<width>416</width>
		<height>416</height>
		<depth>3</depth>
	</size>
	<segmented>0</segmented>
	<object>
		<name>Powdery Mildew</name>
		<pose>Unspecified</pose>
		<truncated>0</truncated>
		<difficult>0</difficult>
		<occluded>0</occluded>
		<bndbox>
			<xmin>50</xmin>
			<xmax>351</xmax>
			<ymin>104</ymin>
			<ymax>337</ymax>
		</bndbox>
	</object>
</annotation>
