<annotation>
	<folder></folder>
	<filename>IMG_20220222_102215_jpg.rf.39d2053a10822765193472edfc86b29e.jpg</filename>
	<path>IMG_20220222_102215_jpg.rf.39d2053a10822765193472edfc86b29e.jpg</path>
	<source>
		<database>roboflow.ai</database>
	</source>
	<size>
		<width>416</width>
		<height>416</height>
		<depth>3</depth>
	</size>
	<segmented>0</segmented>
	<object>
		<name>Powdery Mildew</name>
		<pose>Unspecified</pose>
		<truncated>0</truncated>
		<difficult>0</difficult>
		<occluded>0</occluded>
		<bndbox>
			<xmin>17</xmin>
			<xmax>388</xmax>
			<ymin>44</ymin>
			<ymax>370</ymax>
		</bndbox>
	</object>
	<object>
		<name>Downy Mildew</name>
		<pose>Unspecified</pose>
		<truncated>0</truncated>
		<difficult>0</difficult>
		<occluded>0</occluded>
		<bndbox>
			<xmin>4</xmin>
			<xmax>143</xmax>
			<ymin>206</ymin>
			<ymax>326</ymax>
		</bndbox>
	</object>
	<object>
		<name>Downy Mildew</name>
		<pose>Unspecified</pose>
		<truncated>0</truncated>
		<difficult>0</difficult>
		<occluded>0</occluded>
		<bndbox>
			<xmin>254</xmin>
			<xmax>416</xmax>
			<ymin>196</ymin>
			<ymax>364</ymax>
		</bndbox>
	</object>
	<object>
		<name>Downy Mildew</name>
		<pose>Unspecified</pose>
		<truncated>0</truncated>
		<difficult>0</difficult>
		<occluded>0</occluded>
		<bndbox>
			<xmin>135</xmin>
			<xmax>179</xmax>
			<ymin>350</ymin>
			<ymax>392</ymax>
		</bndbox>
	</object>
</annotation>
