<annotation>
	<folder></folder>
	<filename>IMG_20220222_100128_jpg.rf.e8c784ba23f77ed779e5bc772f8a3827.jpg</filename>
	<path>IMG_20220222_100128_jpg.rf.e8c784ba23f77ed779e5bc772f8a3827.jpg</path>
	<source>
		<database>roboflow.ai</database>
	</source>
	<size>
		<width>416</width>
		<height>416</height>
		<depth>3</depth>
	</size>
	<segmented>0</segmented>
	<object>
		<name>Powdery Mildew</name>
		<pose>Unspecified</pose>
		<truncated>0</truncated>
		<difficult>0</difficult>
		<occluded>0</occluded>
		<bndbox>
			<xmin>114</xmin>
			<xmax>306</xmax>
			<ymin>110</ymin>
			<ymax>314</ymax>
		</bndbox>
	</object>
</annotation>
