<annotation>
	<folder></folder>
	<filename>IMG_20220222_103251_jpg.rf.364e31d889b82ecbeab4b3b416bb3570.jpg</filename>
	<path>IMG_20220222_103251_jpg.rf.364e31d889b82ecbeab4b3b416bb3570.jpg</path>
	<source>
		<database>roboflow.ai</database>
	</source>
	<size>
		<width>416</width>
		<height>416</height>
		<depth>3</depth>
	</size>
	<segmented>0</segmented>
	<object>
		<name>Downy Mildew</name>
		<pose>Unspecified</pose>
		<truncated>0</truncated>
		<difficult>0</difficult>
		<occluded>0</occluded>
		<bndbox>
			<xmin>342</xmin>
			<xmax>409</xmax>
			<ymin>132</ymin>
			<ymax>190</ymax>
		</bndbox>
	</object>
	<object>
		<name>Downy Mildew</name>
		<pose>Unspecified</pose>
		<truncated>0</truncated>
		<difficult>0</difficult>
		<occluded>0</occluded>
		<bndbox>
			<xmin>230</xmin>
			<xmax>248</xmax>
			<ymin>282</ymin>
			<ymax>298</ymax>
		</bndbox>
	</object>
	<object>
		<name>Downy Mildew</name>
		<pose>Unspecified</pose>
		<truncated>0</truncated>
		<difficult>0</difficult>
		<occluded>0</occluded>
		<bndbox>
			<xmin>130</xmin>
			<xmax>144</xmax>
			<ymin>62</ymin>
			<ymax>72</ymax>
		</bndbox>
	</object>
</annotation>
