<annotation>
	<folder></folder>
	<filename>IMG_20220222_100017_jpg.rf.d8306b057340e5a53d7480c3e8d02d72.jpg</filename>
	<path>IMG_20220222_100017_jpg.rf.d8306b057340e5a53d7480c3e8d02d72.jpg</path>
	<source>
		<database>roboflow.ai</database>
	</source>
	<size>
		<width>416</width>
		<height>416</height>
		<depth>3</depth>
	</size>
	<segmented>0</segmented>
	<object>
		<name>Powdery Mildew</name>
		<pose>Unspecified</pose>
		<truncated>0</truncated>
		<difficult>0</difficult>
		<occluded>0</occluded>
		<bndbox>
			<xmin>59</xmin>
			<xmax>306</xmax>
			<ymin>93</ymin>
			<ymax>313</ymax>
		</bndbox>
	</object>
	<object>
		<name>Downy Mildew</name>
		<pose>Unspecified</pose>
		<truncated>0</truncated>
		<difficult>0</difficult>
		<occluded>0</occluded>
		<bndbox>
			<xmin>2</xmin>
			<xmax>110</xmax>
			<ymin>331</ymin>
			<ymax>375</ymax>
		</bndbox>
	</object>
</annotation>
