<annotation>
	<folder></folder>
	<filename>IMG_20220222_102529_jpg.rf.f67ffef6dabfed43929b09a44d38d08e.jpg</filename>
	<path>IMG_20220222_102529_jpg.rf.f67ffef6dabfed43929b09a44d38d08e.jpg</path>
	<source>
		<database>roboflow.ai</database>
	</source>
	<size>
		<width>416</width>
		<height>416</height>
		<depth>3</depth>
	</size>
	<segmented>0</segmented>
	<object>
		<name>Downy Mildew</name>
		<pose>Unspecified</pose>
		<truncated>0</truncated>
		<difficult>0</difficult>
		<occluded>0</occluded>
		<bndbox>
			<xmin>79</xmin>
			<xmax>181</xmax>
			<ymin>160</ymin>
			<ymax>209</ymax>
		</bndbox>
	</object>
	<object>
		<name>Powdery Mildew</name>
		<pose>Unspecified</pose>
		<truncated>0</truncated>
		<difficult>0</difficult>
		<occluded>0</occluded>
		<bndbox>
			<xmin>68</xmin>
			<xmax>310</xmax>
			<ymin>102</ymin>
			<ymax>322</ymax>
		</bndbox>
	</object>
</annotation>
