<annotation>
	<folder></folder>
	<filename>IMG_20220222_102154_jpg.rf.71847c7eb72e4fa3eab741b9ca6f5057.jpg</filename>
	<path>IMG_20220222_102154_jpg.rf.71847c7eb72e4fa3eab741b9ca6f5057.jpg</path>
	<source>
		<database>roboflow.ai</database>
	</source>
	<size>
		<width>416</width>
		<height>416</height>
		<depth>3</depth>
	</size>
	<segmented>0</segmented>
	<object>
		<name>Downy Mildew</name>
		<pose>Unspecified</pose>
		<truncated>0</truncated>
		<difficult>0</difficult>
		<occluded>0</occluded>
		<bndbox>
			<xmin>332</xmin>
			<xmax>416</xmax>
			<ymin>190</ymin>
			<ymax>233</ymax>
		</bndbox>
	</object>
	<object>
		<name>Downy Mildew</name>
		<pose>Unspecified</pose>
		<truncated>0</truncated>
		<difficult>0</difficult>
		<occluded>0</occluded>
		<bndbox>
			<xmin>303</xmin>
			<xmax>416</xmax>
			<ymin>240</ymin>
			<ymax>350</ymax>
		</bndbox>
	</object>
	<object>
		<name>Downy Mildew</name>
		<pose>Unspecified</pose>
		<truncated>0</truncated>
		<difficult>0</difficult>
		<occluded>0</occluded>
		<bndbox>
			<xmin>93</xmin>
			<xmax>284</xmax>
			<ymin>191</ymin>
			<ymax>399</ymax>
		</bndbox>
	</object>
</annotation>
