<annotation>
	<folder></folder>
	<filename>IMG_20220222_091447_jpg.rf.31afbae191c03f0d475b5f1a45d34b30.jpg</filename>
	<path>IMG_20220222_091447_jpg.rf.31afbae191c03f0d475b5f1a45d34b30.jpg</path>
	<source>
		<database>roboflow.ai</database>
	</source>
	<size>
		<width>416</width>
		<height>416</height>
		<depth>3</depth>
	</size>
	<segmented>0</segmented>
	<object>
		<name>Downy Mildew</name>
		<pose>Unspecified</pose>
		<truncated>0</truncated>
		<difficult>0</difficult>
		<occluded>0</occluded>
		<bndbox>
			<xmin>111</xmin>
			<xmax>119</xmax>
			<ymin>273</ymin>
			<ymax>283</ymax>
		</bndbox>
	</object>
	<object>
		<name>Downy Mildew</name>
		<pose>Unspecified</pose>
		<truncated>0</truncated>
		<difficult>0</difficult>
		<occluded>0</occluded>
		<bndbox>
			<xmin>341</xmin>
			<xmax>356</xmax>
			<ymin>288</ymin>
			<ymax>297</ymax>
		</bndbox>
	</object>
	<object>
		<name>Downy Mildew</name>
		<pose>Unspecified</pose>
		<truncated>0</truncated>
		<difficult>0</difficult>
		<occluded>0</occluded>
		<bndbox>
			<xmin>118</xmin>
			<xmax>135</xmax>
			<ymin>328</ymin>
			<ymax>340</ymax>
		</bndbox>
	</object>
	<object>
		<name>Downy Mildew</name>
		<pose>Unspecified</pose>
		<truncated>0</truncated>
		<difficult>0</difficult>
		<occluded>0</occluded>
		<bndbox>
			<xmin>325</xmin>
			<xmax>346</xmax>
			<ymin>371</ymin>
			<ymax>384</ymax>
		</bndbox>
	</object>
</annotation>
