<annotation>
	<folder></folder>
	<filename>IMG_20220222_102428_jpg.rf.02e2044675f12aeb39fa57564bcd3e66.jpg</filename>
	<path>IMG_20220222_102428_jpg.rf.02e2044675f12aeb39fa57564bcd3e66.jpg</path>
	<source>
		<database>roboflow.ai</database>
	</source>
	<size>
		<width>416</width>
		<height>416</height>
		<depth>3</depth>
	</size>
	<segmented>0</segmented>
	<object>
		<name>Powdery Mildew</name>
		<pose>Unspecified</pose>
		<truncated>0</truncated>
		<difficult>0</difficult>
		<occluded>0</occluded>
		<bndbox>
			<xmin>34</xmin>
			<xmax>344</xmax>
			<ymin>77</ymin>
			<ymax>302</ymax>
		</bndbox>
	</object>
</annotation>
