<annotation>
	<folder></folder>
	<filename>IMG_20220222_102705_jpg.rf.caf4c43e58e6db50b68baac09c9ea5c5.jpg</filename>
	<path>IMG_20220222_102705_jpg.rf.caf4c43e58e6db50b68baac09c9ea5c5.jpg</path>
	<source>
		<database>roboflow.ai</database>
	</source>
	<size>
		<width>416</width>
		<height>416</height>
		<depth>3</depth>
	</size>
	<segmented>0</segmented>
	<object>
		<name>Powdery Mildew</name>
		<pose>Unspecified</pose>
		<truncated>0</truncated>
		<difficult>0</difficult>
		<occluded>0</occluded>
		<bndbox>
			<xmin>1</xmin>
			<xmax>365</xmax>
			<ymin>40</ymin>
			<ymax>320</ymax>
		</bndbox>
	</object>
	<object>
		<name>Downy Mildew</name>
		<pose>Unspecified</pose>
		<truncated>0</truncated>
		<difficult>0</difficult>
		<occluded>0</occluded>
		<bndbox>
			<xmin>150</xmin>
			<xmax>271</xmax>
			<ymin>287</ymin>
			<ymax>376</ymax>
		</bndbox>
	</object>
</annotation>
