<annotation>
	<folder></folder>
	<filename>IMG_20220222_102932_jpg.rf.2eb9326878c6411c59991526e303307c.jpg</filename>
	<path>IMG_20220222_102932_jpg.rf.2eb9326878c6411c59991526e303307c.jpg</path>
	<source>
		<database>roboflow.ai</database>
	</source>
	<size>
		<width>416</width>
		<height>416</height>
		<depth>3</depth>
	</size>
	<segmented>0</segmented>
	<object>
		<name>Downy Mildew</name>
		<pose>Unspecified</pose>
		<truncated>0</truncated>
		<difficult>0</difficult>
		<occluded>0</occluded>
		<bndbox>
			<xmin>165</xmin>
			<xmax>243</xmax>
			<ymin>151</ymin>
			<ymax>313</ymax>
		</bndbox>
	</object>
	<object>
		<name>Downy Mildew</name>
		<pose>Unspecified</pose>
		<truncated>0</truncated>
		<difficult>0</difficult>
		<occluded>0</occluded>
		<bndbox>
			<xmin>313</xmin>
			<xmax>417</xmax>
			<ymin>243</ymin>
			<ymax>342</ymax>
		</bndbox>
	</object>
</annotation>
