<annotation>
	<folder></folder>
	<filename>IMG_20220222_093448_jpg.rf.c3e4b04383934a9b25ac2b4bd8ce6db5.jpg</filename>
	<path>IMG_20220222_093448_jpg.rf.c3e4b04383934a9b25ac2b4bd8ce6db5.jpg</path>
	<source>
		<database>roboflow.ai</database>
	</source>
	<size>
		<width>416</width>
		<height>416</height>
		<depth>3</depth>
	</size>
	<segmented>0</segmented>
	<object>
		<name>Downy Mildew</name>
		<pose>Unspecified</pose>
		<truncated>0</truncated>
		<difficult>0</difficult>
		<occluded>0</occluded>
		<bndbox>
			<xmin>83</xmin>
			<xmax>264</xmax>
			<ymin>137</ymin>
			<ymax>257</ymax>
		</bndbox>
	</object>
	<object>
		<name>Downy Mildew</name>
		<pose>Unspecified</pose>
		<truncated>0</truncated>
		<difficult>0</difficult>
		<occluded>0</occluded>
		<bndbox>
			<xmin>317</xmin>
			<xmax>388</xmax>
			<ymin>214</ymin>
			<ymax>280</ymax>
		</bndbox>
	</object>
</annotation>
