<annotation>
	<folder></folder>
	<filename>IMG_20220222_091027_jpg.rf.9e0b4d9b42784abe0220379f7eb07649.jpg</filename>
	<path>IMG_20220222_091027_jpg.rf.9e0b4d9b42784abe0220379f7eb07649.jpg</path>
	<source>
		<database>roboflow.ai</database>
	</source>
	<size>
		<width>416</width>
		<height>416</height>
		<depth>3</depth>
	</size>
	<segmented>0</segmented>
	<object>
		<name>Powdery Mildew</name>
		<pose>Unspecified</pose>
		<truncated>0</truncated>
		<difficult>0</difficult>
		<occluded>0</occluded>
		<bndbox>
			<xmin>35</xmin>
			<xmax>361</xmax>
			<ymin>84</ymin>
			<ymax>318</ymax>
		</bndbox>
	</object>
</annotation>
