<annotation>
	<folder></folder>
	<filename>IMG_20220222_093510_jpg.rf.cbc8ec63bdc6ffa7356be176895eb134.jpg</filename>
	<path>IMG_20220222_093510_jpg.rf.cbc8ec63bdc6ffa7356be176895eb134.jpg</path>
	<source>
		<database>roboflow.ai</database>
	</source>
	<size>
		<width>416</width>
		<height>416</height>
		<depth>3</depth>
	</size>
	<segmented>0</segmented>
	<object>
		<name>Downy Mildew</name>
		<pose>Unspecified</pose>
		<truncated>0</truncated>
		<difficult>0</difficult>
		<occluded>0</occluded>
		<bndbox>
			<xmin>1</xmin>
			<xmax>416</xmax>
			<ymin>71</ymin>
			<ymax>273</ymax>
		</bndbox>
	</object>
</annotation>
