<annotation>
	<folder></folder>
	<filename>IMG_20220222_102958_jpg.rf.ffb412be500e2b406e170fcc27457471.jpg</filename>
	<path>IMG_20220222_102958_jpg.rf.ffb412be500e2b406e170fcc27457471.jpg</path>
	<source>
		<database>roboflow.ai</database>
	</source>
	<size>
		<width>416</width>
		<height>416</height>
		<depth>3</depth>
	</size>
	<segmented>0</segmented>
	<object>
		<name>Powdery Mildew</name>
		<pose>Unspecified</pose>
		<truncated>0</truncated>
		<difficult>0</difficult>
		<occluded>0</occluded>
		<bndbox>
			<xmin>35</xmin>
			<xmax>416</xmax>
			<ymin>16</ymin>
			<ymax>416</ymax>
		</bndbox>
	</object>
	<object>
		<name>Downy Mildew</name>
		<pose>Unspecified</pose>
		<truncated>0</truncated>
		<difficult>0</difficult>
		<occluded>0</occluded>
		<bndbox>
			<xmin>175</xmin>
			<xmax>251</xmax>
			<ymin>362</ymin>
			<ymax>409</ymax>
		</bndbox>
	</object>
</annotation>
