<annotation>
	<folder></folder>
	<filename>IMG_20220222_103255_jpg.rf.3930ddd7a2c5e1cb89554844f7c2b8df.jpg</filename>
	<path>IMG_20220222_103255_jpg.rf.3930ddd7a2c5e1cb89554844f7c2b8df.jpg</path>
	<source>
		<database>roboflow.ai</database>
	</source>
	<size>
		<width>416</width>
		<height>416</height>
		<depth>3</depth>
	</size>
	<segmented>0</segmented>
	<object>
		<name>Powdery Mildew</name>
		<pose>Unspecified</pose>
		<truncated>0</truncated>
		<difficult>0</difficult>
		<occluded>0</occluded>
		<bndbox>
			<xmin>64</xmin>
			<xmax>359</xmax>
			<ymin>92</ymin>
			<ymax>266</ymax>
		</bndbox>
	</object>
	<object>
		<name>Downy Mildew</name>
		<pose>Unspecified</pose>
		<truncated>0</truncated>
		<difficult>0</difficult>
		<occluded>0</occluded>
		<bndbox>
			<xmin>61</xmin>
			<xmax>100</xmax>
			<ymin>218</ymin>
			<ymax>247</ymax>
		</bndbox>
	</object>
</annotation>
