<annotation>
	<folder></folder>
	<filename>IMG_20220222_093414_jpg.rf.aa224c48029a08cbdc8513a04a27bbbb.jpg</filename>
	<path>IMG_20220222_093414_jpg.rf.aa224c48029a08cbdc8513a04a27bbbb.jpg</path>
	<source>
		<database>roboflow.ai</database>
	</source>
	<size>
		<width>416</width>
		<height>416</height>
		<depth>3</depth>
	</size>
	<segmented>0</segmented>
	<object>
		<name>Downy Mildew</name>
		<pose>Unspecified</pose>
		<truncated>0</truncated>
		<difficult>0</difficult>
		<occluded>0</occluded>
		<bndbox>
			<xmin>179</xmin>
			<xmax>276</xmax>
			<ymin>155</ymin>
			<ymax>231</ymax>
		</bndbox>
	</object>
	<object>
		<name>Downy Mildew</name>
		<pose>Unspecified</pose>
		<truncated>0</truncated>
		<difficult>0</difficult>
		<occluded>0</occluded>
		<bndbox>
			<xmin>23</xmin>
			<xmax>163</xmax>
			<ymin>120</ymin>
			<ymax>312</ymax>
		</bndbox>
	</object>
	<object>
		<name>Downy Mildew</name>
		<pose>Unspecified</pose>
		<truncated>0</truncated>
		<difficult>0</difficult>
		<occluded>0</occluded>
		<bndbox>
			<xmin>221</xmin>
			<xmax>274</xmax>
			<ymin>302</ymin>
			<ymax>358</ymax>
		</bndbox>
	</object>
</annotation>
